DATETIME,RAW WATER FLOW IN ML,CLEAR WATER PUMPING FLOW ML,TREATED WATER PRODUCTION IN ML,Capacity Utilisation,Recovery rate,Water lost (MLD)
2021-12-01,48.96553,39.69983,47.38883,0.5095573118279569,0.967799797122588,1.5767000000000024
2021-12-02,77.63675,65.61598000000001,75.13685,0.8079231182795699,0.967800043149668,2.499900000000011
2021-12-03,48.80559,43.41464,47.23406,0.5078931182795698,0.9678002048535833,1.5715300000000028
2021-12-04,48.627539999999996,40.0617,47.061730000000004,0.5060401075268818,0.9677999339468952,1.565809999999992
2021-12-05,55.10133,321.84399,53.32709,0.573409569892473,0.9678004142549735,1.774239999999999
2021-12-06,70.78358,60.92951,68.50435,0.7366059139784946,0.9678000180267797,2.2792299999999983
2021-12-07,63.41353,56.2707,61.37162,0.6599098924731183,0.9678000893500173,2.0419100000000014
2021-12-08,63.299189999999996,57.35457,61.26097,0.6587201075268817,0.9678002198764314,2.0382199999999955
2021-12-09,66.27108,58.67528,64.13716,0.6896468817204301,0.9678001324257881,2.1339200000000034
2021-12-10,66.71665,58.15787,64.56839000000001,0.6942837634408603,0.967800241768734,2.1482599999999934
2021-12-11,60.46538,56.05933,58.51841,0.6292302150537634,0.967800251978901,1.9469700000000003
2021-12-12,71.57441,60.08344,69.26973,0.7448358064516128,0.967800223571525,2.3046800000000047
2021-12-13,58.880810000000004,52.14753,56.98485,0.6127403225806451,0.9678000353595678,1.8959600000000023
2021-12-14,67.79875,61.32726,65.61564,0.7055445161290322,0.9678001438079611,2.183109999999999
2021-12-15,65.69687,56.7858,63.581430000000005,0.6836712903225807,0.9677999880359597,2.1154399999999995
2021-12-16,61.56929,53.62929,59.58674,0.6407176344086022,0.9677996936459718,1.9825500000000034
2021-12-17,63.004380000000005,54.11835,60.97565,0.6556521505376345,0.9678001751624252,2.028730000000003
2021-12-18,66.83376,58.7027,64.68172,0.6955023655913979,0.9678001058147858,2.1520399999999995
2021-12-19,67.46018000000001,58.955290000000005,65.28793,0.7020207526881721,0.967799522622086,2.1722500000000053
2021-12-20,72.22225,61.64963,69.89668,0.7515772043010753,0.9677998123846876,2.325569999999999
2021-12-21,66.51617,58.9874,64.37435,0.6921973118279571,0.9678000101328745,2.1418199999999956
2021-12-22,64.30533,53.78708,62.23471,0.6691904301075269,0.9678001807937228,2.070619999999998
2021-12-23,67.2563,58.44428,65.09065,0.6998994623655913,0.9678000425238974,2.1656499999999994
2021-12-24,66.79468,58.18828,64.64387,0.6950953763440861,0.9677996810524432,2.150809999999993
2021-12-25,67.34556,57.50096,65.17704,0.7008283870967742,0.9678001044166832,2.168520000000001
2021-12-26,65.3445,74.81049,63.2404,0.6800043010752689,0.9677998913451018,2.1040999999999954
2021-12-27,63.38937,55.67662,61.348240000000004,0.659658494623656,0.967800121692328,2.0411299999999954
2021-12-28,70.61815,61.81263,68.34424,0.7348843010752688,0.9677999211250932,2.2739100000000008
2021-12-29,59.411680000000004,327.63362,57.49862,0.6182647311827957,0.9677999342890152,1.9130600000000015
2021-12-30,74.79281,64.02042,72.38451,0.7783280645161291,0.9678003808120059,2.408299999999997
2021-12-31,67.15828,56.26349,64.9958,0.6988795698924731,0.9678002474155085,2.162480000000002
2022-01-01,63.06656,57.17615,61.0358,0.6562989247311828,0.9677997341221719,2.030760000000001
2022-01-02,59.67132,53.7768,57.74989,0.6209665591397849,0.9677997738276948,1.9214300000000009
2022-01-03,60.41086,54.99043,58.46564,0.6286627956989247,0.9678001604347298,1.945219999999999
2022-01-04,70.39896,59.130630000000004,68.13214,0.7326036559139786,0.9678003765964726,2.2668199999999956
2022-01-05,65.39594,55.523630000000004,63.29021,0.6805398924731183,0.9678002946360279,2.105729999999994
2022-01-06,64.40736,55.47122,62.333420000000004,0.6702518279569893,0.9677996427737452,2.0739399999999932
2022-01-07,67.77678,616.07453,65.59433,0.705315376344086,0.9677994439983723,2.182450000000003
2022-01-08,66.36563,84.20413,64.22867000000001,0.6906308602150538,0.9678002001939862,2.1369599999999878
2022-01-09,39.44043,37.64952,38.17046,0.41043505376344086,0.967800300351695,1.2699700000000007
2022-01-10,0.0,0.0,0.0,0.0,,0.0
2022-01-11,18.09029,8.38645,17.50779,0.1882558064516129,0.9678004056319717,0.5824999999999996
2022-01-12,65.32453,57.81007,63.2211,0.6797967741935483,0.9678003041124063,2.103429999999996
2022-01-13,68.45941,59.17718,66.25502,0.7124195698924731,0.9678000438508014,2.2043900000000036
2022-01-14,66.36013,53.421620000000004,64.22333,0.6905734408602151,0.9677999425257305,2.136799999999994
2022-01-15,64.39775,61.07124,62.324130000000004,0.670151935483871,0.9677998066702641,2.0736199999999982
2022-01-16,70.43383,243.61685,68.16586000000001,0.7329662365591398,0.967799990430735,2.267969999999991
2022-01-17,71.75413,59.28233,69.44365,0.7467059139784947,0.9678000416143294,2.3104799999999983
2022-01-18,60.59042,325.02456,58.6394,0.630531182795699,0.9677998601098986,1.9510199999999998
2022-01-19,64.88114,59.28306,62.791940000000004,0.6751821505376344,0.967799579353877,2.089199999999998
2022-01-20,71.17316,60.32673,68.8814,0.7406602150537634,0.967800221319385,2.2917599999999965
2022-01-21,42.96255,33.96957,41.57914,0.44708752688172043,0.9677996301429966,1.3834099999999978
2022-01-22,68.74738,62.16812,66.53372,0.7154163440860215,0.967800081981306,2.2136600000000044
2022-01-23,71.56568,344.06365999999997,69.26128,0.7447449462365592,0.9678002081444625,2.304400000000001
2022-01-24,76.28547,882.14611,73.82906,0.7938608602150538,0.9677997658007481,2.4564100000000053
2022-01-25,76.09869,66.39369,73.64834,0.7919176344086022,0.9678003655516277,2.4503500000000003
2022-01-26,69.60897,62.53202,67.36758,0.7243825806451614,0.9678002705685776,2.2413899999999956
2022-01-27,71.50736,54.821850000000005,69.20483,0.7441379569892473,0.9678000977801445,2.3025300000000044
2022-01-28,63.06495,54.698890000000006,61.03426,0.6562823655913979,0.9678000220407691,2.03069
2022-01-29,70.27162,62.12399,68.00888,0.7312782795698926,0.9678000877167768,2.2627399999999938
2022-01-30,72.94178,60.26316,70.59309,0.7590654838709677,0.9678004841669617,2.3486899999999906
2022-01-31,66.82377,56.51741,64.67206,0.6953984946236559,0.9678002303671285,2.1517099999999942
2022-02-01,63.73823,55.16336,61.68585,0.6632887096774194,0.9677998588915946,2.0523799999999994
2022-02-02,66.57356,56.06602,64.4299,0.692794623655914,0.9678001296610848,2.143659999999997
2022-02-03,46.99627,37.713300000000004,45.483000000000004,0.4890645161290323,0.9678002105273461,1.5132699999999986
2022-02-04,76.47527,66.88035,74.01276,0.7958361290322581,0.9677999175419715,2.4625099999999946
2022-02-05,70.53288,60.636520000000004,68.26172,0.7339969892473118,0.9677999820792798,2.271160000000009
2022-02-06,62.02302,50.80406,60.025870000000005,0.6454394623655915,0.9677998588266099,1.9971499999999978
2022-02-07,71.62944,64.64548,69.32297,0.7454082795698924,0.9677999716317759,2.3064700000000045
2022-02-08,70.93548,63.13608,68.65136,0.7381866666666667,0.9678000346230123,2.2841200000000015
2022-02-09,59.222120000000004,49.74505,57.315180000000005,0.6162922580645162,0.9678002070847852,1.9069399999999987
2022-02-10,70.02493,61.25061,67.77012,0.7287109677419356,0.9677998964083221,2.254809999999992
2022-02-11,71.43197,57.61977,69.13186,0.7433533333333334,0.9677999920763769,2.3001100000000037
2022-02-12,66.34972,55.285270000000004,64.21327,0.6904652688172043,0.9678001655470436,2.1364500000000106
2022-02-13,51.60015,48.150760000000005,49.93863,0.5369745161290322,0.9678000936043791,1.661519999999996
2022-02-14,57.425940000000004,49.28565,55.57682,0.5976002150537634,0.9677999175982143,1.8491200000000063
2022-02-15,63.01872,57.57405,60.98951,0.655801182795699,0.967799885494342,2.029209999999999
2022-02-16,46.07069,38.385220000000004,44.58722,0.4794324731182796,0.9678001349665049,1.483469999999997
2022-02-17,72.26357,336.94265,69.93667,0.7520072043010754,0.9677998194664339,2.326899999999995
2022-02-18,64.63523,327.69624000000005,62.55398,0.6726234408602151,0.9678000681671589,2.0812500000000043
2022-02-19,61.3069,56.401740000000004,59.33283,0.6379874193548387,0.9678001986725802,1.9740699999999975
2022-02-20,70.76136,58.57153,68.48283,0.7363745161290324,0.9677997992124517,2.2785299999999893
2022-02-21,71.0691,60.52931,68.78067,0.7395770967741936,0.9677999299273523,2.2884300000000053
2022-02-22,68.65956,60.66605,66.44872000000001,0.7145023655913979,0.9677999684239167,2.2108399999999904
2022-02-23,110.30222,65.74613000000001,106.75049,1.1478547311827958,0.967800013453945,3.5517300000000063
2022-02-24,70.86562,63.78705,68.58377,0.7374598924731183,0.9678003240499412,2.2818500000000057
2022-02-25,66.43314,56.91652,64.29398,0.6913331182795699,0.9677998059402282,2.1391599999999897
2022-02-26,62.01943,53.90122,60.022400000000005,0.6454021505376345,0.9677999297961946,1.9970299999999952
2022-02-27,56.04433,48.68223,54.23972,0.5832227956989248,0.967800310932435,1.8046100000000038
2022-02-28,71.81207,61.25366,69.49972,0.7473088172043011,0.9677999812566327,2.3123500000000092
2022-03-01,69.64099,86.05104,67.39856,0.7247156989247312,0.9678001418417516,2.242429999999999
2022-03-02,70.85438,62.29271,68.57373,0.7373519354838709,0.9678121521915792,2.2806500000000085
2022-03-03,65.47699,52.98346,63.36864,0.6813832258064516,0.9678001386441252,2.1083500000000015
2022-03-04,65.34038,331.00741999999997,63.23642,0.6799615053763441,0.9678000036118555,2.1039599999999936
2022-03-05,74.12993,61.91189,71.74293,0.7714293548387097,0.9677997807363369,2.3870000000000005
2022-03-06,75.75346,63.537240000000004,73.3142,0.7883247311827957,0.9678000186394126,2.4392600000000044
2022-03-07,72.83928,63.23482,70.49385,0.7579983870967741,0.9677999288296094,2.3454300000000075
2022-03-08,71.72036,58.91635,69.41098,0.7463546236559139,0.9678002173999126,2.3093800000000044
2022-03-09,63.08014,54.49812,61.048950000000005,0.6564403225806452,0.9677998495247475,2.031189999999995
2022-03-10,72.82966,61.948895,70.48454,0.7578982795698924,0.9677999320606466,2.3451200000000085
2022-03-11,72.07726,63.72688,69.75639,0.7500687096774193,0.9678002465687514,2.3208699999999993
2022-03-12,72.39264,60.46011,70.0616,0.7533505376344086,0.9678000415511853,2.3310400000000016
2022-03-13,75.11586,61.27409,72.69711,0.7816893548387096,0.9677997429570798,2.418750000000003
2022-03-14,67.35211,58.679030000000004,65.18339,0.7008966666666667,0.9678002663910604,2.1687199999999933
2022-03-15,64.08661000000001,54.1187,62.02301,0.6669140860215054,0.9677998258918672,2.063600000000008
2022-03-16,70.31126,58.90191,68.04724,0.7316907526881721,0.9678000365802006,2.264020000000002
2022-03-17,72.21814,58.98353,69.89272,0.751534623655914,0.9678000568832151,2.3254200000000083
2022-03-18,73.13871,65.33501,70.78364,0.7611144086021506,0.9677999516261635,2.3550699999999978
2022-03-19,73.70418,62.05303,71.33091,0.7669990322580645,0.9678000623573861,2.373269999999991
2022-03-20,70.47629,241.84023000000002,68.20698,0.7334083870967743,0.9678003765521709,2.2693100000000044
2022-03-21,67.29893,56.27567,65.13189,0.7003429032258064,0.9677997852268974,2.16704
2022-03-22,58.12144,53.00344,56.24994,0.6048380645161291,0.9678001783851192,1.8714999999999975
2022-03-23,68.77765,58.74488,66.56304,0.7157316129032258,0.9678004409862798,2.2146099999999933
2022-03-24,66.63949,57.76064,64.4937,0.6934806451612904,0.9678000236796531,2.145789999999991
2022-03-25,67.94654,62.225030000000004,65.75869,0.707082688172043,0.9678004207425426,2.1878499999999974
2022-03-26,57.604820000000004,45.51234,55.749950000000005,0.5994618279569893,0.9678000903396626,1.8548699999999982
2022-03-27,73.9377,63.759209999999996,71.55693000000001,0.7694293548387098,0.9678003237861065,2.3807699999999983
2022-03-28,139.69299,120.42757,135.19487,1.4537082795698926,0.9677999590387463,4.49812
2022-03-29,73.59634,64.26428,71.22653,0.7658766666666667,0.9677998933099119,2.369810000000001
2022-03-30,75.56196,66.34263,73.12885,0.7863317204301076,0.9677998029696424,2.433109999999999
2022-03-31,73.78899,64.41471,71.41299000000001,0.7678816129032259,0.9678000742387178,2.3759999999999906
2022-04-01,70.13755,61.36734,67.87913,0.72988311827957,0.967800129887628,2.258420000000001
2022-04-02,105.36137000000001,63.62052,101.97403,1.0964949462365592,0.9678502661838964,3.387340000000009
2022-04-03,70.05441,62.269380000000005,67.79866,0.7290178494623656,0.9678000285777868,2.255750000000006
2022-04-04,73.00539,62.77752,70.65464,0.7597273118279569,0.9678003226885028,2.350750000000005
2022-04-05,69.08965,60.19312,66.86499,0.7189783870967743,0.9678003868886295,2.22466
2022-04-06,64.37216000000001,55.773520000000005,62.29939,0.6698859139784946,0.9678002105257925,2.0727700000000056
2022-04-07,62.31996,257.43622999999997,60.31327,0.6485297849462366,0.9678002039795918,2.006689999999999
2022-04-08,46.46004,41.835930000000005,44.96403,0.4834841935483871,0.9678000707704945,1.4960099999999983
2022-04-09,75.82766,66.69151,73.386,0.7890967741935483,0.9677998767204474,2.441659999999999
2022-04-10,70.15386000000001,61.33278,67.89489,0.7300525806451613,0.9677997760921494,2.258970000000005
2022-04-11,69.44517,60.89217,67.20905,0.7226779569892474,0.9678002084234224,2.2361199999999997
2022-04-12,70.61215,327.85367,68.33846,0.7348221505376343,0.9678003006564734,2.273690000000002
2022-04-13,49.48004,42.02491,47.88678,0.5149116129032258,0.96779994519002,1.5932600000000008
2022-04-14,60.98688,54.97208,59.02311,0.6346570967741936,0.9678001235675608,1.9637699999999967
2022-04-15,68.16886,59.13329,65.97382,0.7093959139784947,0.9677999602751169,2.1950399999999917
2022-04-16,68.88683,62.24757,66.66868,0.7168675268817204,0.9678000860251516,2.2181500000000085
2022-04-17,73.50281,332.33192,71.13602,0.7649034408602151,0.9678000065575725,2.3667899999999946
2022-04-18,66.81219,57.130810000000004,64.66083,0.6952777419354839,0.9677998880144477,2.151359999999997
2022-04-19,69.69052,56.41297,67.44649,0.7252310752688171,0.9678000680723862,2.2440300000000093
2022-04-20,64.81618,55.638708667,62.72912,0.6745066666666667,0.9678003239314628,2.087060000000001
2022-04-21,70.10021,57.440690000000004,67.84297000000001,0.7294943010752689,0.967799811156058,2.257239999999996
2022-04-22,64.04498,57.73917,61.98274,0.6664810752688172,0.9678001304708036,2.0622399999999956
2022-04-23,34.36757,25.03792,33.26093,0.3576444086021506,0.967799876453296,1.1066399999999987
2022-04-24,73.54833,66.95649,71.18009,0.7653773118279571,0.9678002206168379,2.36824
2022-04-25,61.77173,52.048610000000004,59.78267,0.6428244086021506,0.9677998333541897,1.989059999999995
2022-04-26,67.43364,59.16189,65.26227,0.7017448387096774,0.9677998992787576,2.171369999999996
2022-04-27,66.1511,54.825120000000005,64.02104,0.6883982795698924,0.9678000819336338,2.1300600000000003
2022-04-28,38.7067,31.066370000000003,37.46035,0.4027994623655914,0.9678001482947397,1.2463499999999996
2022-04-29,50.83366,44.27068,49.19681,0.5289979569892473,0.9677998790565149,1.6368500000000026
2022-04-30,80.68474,67.3352,78.08670000000001,0.839641935483871,0.9678001069347191,2.5980399999999975
2022-05-01,50.38741,43.358090000000004,48.76494,0.5243541935483871,0.9678000913323388,1.6224699999999999
2022-05-02,61.40044,55.625240000000005,59.42333,0.6389605376344086,0.9677997421516848,1.9771100000000033
2022-05-03,74.11345,66.76438,71.72698,0.7712578494623655,0.9677997718362861,2.3864700000000028
2022-05-04,64.36387,55.01478,62.29137,0.6697996774193549,0.9678002581261815,2.072500000000005
2022-05-05,68.04177,56.47683,65.85082,0.7080733333333333,0.9677999264275459,2.190950000000001
2022-05-06,61.171110000000006,55.91428,59.20142,0.6365744086021505,0.9678003227340487,1.969690000000007
2022-05-07,66.52726,335.09943999999996,64.38508,0.6923126881720431,0.967799966509969,2.142179999999996
2022-05-08,64.34292,54.60419,62.27108,0.6695815053763441,0.9678000314564522,2.071840000000009
2022-05-09,72.55368,64.4877,67.76827,0.7286910752688173,0.93404318016674,4.785409999999999
2022-05-10,70.81814,59.73359,68.53778,0.736965376344086,0.9677997755942191,2.2803600000000017
2022-05-11,72.34762,61.165600000000005,70.01803,0.7528820430107527,0.9678000464977284,2.3295900000000103
2022-05-12,68.13445,58.761250000000004,65.94051999999999,0.7090378494623655,0.967799989579427,2.193930000000009
2022-05-13,61.28466,54.17328,59.33241,0.6379829032258065,0.9681445568923773,1.9522499999999994
2022-05-14,63.05238,54.524280000000005,61.02208,0.6561513978494624,0.9677997880492378,2.030299999999997
2022-05-15,64.89008,59.158500000000004,62.80063,0.6752755913978494,0.9678001629833096,2.0894499999999994
2022-05-16,59.268100000000004,54.97573,57.35966,0.6167705376344086,0.9677998788555732,1.908440000000006
2022-05-17,55.46692,46.17663,53.6809,0.5772139784946236,0.9678002672583947,1.7860200000000006
2022-05-18,52.49306,45.84494,50.8028,0.5462666666666667,0.9678003149368697,1.690260000000002
2022-05-19,63.4585,50.73576,61.415130000000005,0.6603777419354839,0.9677999007225195,2.043369999999996
2022-05-20,64.151,58.862480000000005,62.08534,0.6675843010752689,0.9678000342940875,2.065659999999994
2022-05-21,68.35628,58.09728,66.15520000000001,0.7113462365591399,0.9677998861260444,2.2010799999999904
2022-05-22,69.41301,60.00253,67.17790000000001,0.7223430107526883,0.9677998404045582,2.2351099999999917
2022-05-23,69.45293,62.73378,67.21653,0.7227583870967742,0.967799774609941,2.236399999999989
2022-05-24,69.04928,59.956,66.8259,0.718558064516129,0.9678000987121084,2.2233799999999917
2022-05-25,67.01934,56.05169,64.86131,0.6974334408602151,0.9677998917924289,2.1580299999999966
2022-05-26,63.228010000000005,58.794380000000004,61.19205,0.6579790322580645,0.9677997140824137,2.035960000000003
2022-05-27,70.52812,59.46463,68.25711,0.7339474193548386,0.9677999356852274,2.271010000000004
2022-05-28,0.0,0.0,0.0,0.0,,0.0
2022-05-29,62.53669,53.76462,60.523,0.6507849462365591,0.9677998627685604,2.013689999999997
2022-05-30,68.32587,62.16769,66.1258,0.7110301075268817,0.967800336827032,2.2000699999999966
2022-05-31,64.33798,56.18609,62.266310000000004,0.6695302150537635,0.9678002013740562,2.0716699999999975
2022-06-01,70.52238,63.6571,68.25154,0.7338875268817205,0.9677997254204979,2.2708399999999926
2022-06-02,65.57752,58.405590000000004,63.46591,0.6824291397849462,0.9677997887080816,2.111610000000006
2022-06-03,70.64885,62.085750000000004,68.37395000000001,0.7352037634408602,0.9677999004937803,2.274899999999988
2022-06-04,67.61154,60.71626,65.43446,0.7035963440860216,0.9678001713908602,2.1770800000000037
2022-06-05,71.29567,60.8192,68.99997,0.7419351612903227,0.9678002885729245,2.2956999999999965
2022-06-06,64.96421000000001,59.903890000000004,62.872370000000004,0.6760469892473119,0.9678001164025545,2.091840000000005
2022-06-07,64.10184,53.94091,62.03775,0.6670725806451613,0.9677998322669054,2.064089999999993
2022-06-08,64.45307,55.585480000000004,62.37769,0.6707278494623656,0.9678001373712688,2.0753799999999956
2022-06-09,65.35855000000001,57.91542,60.938990000000004,0.6552579569892474,0.9323797728070772,4.419560000000004
2022-06-10,58.993990000000004,51.88929,57.09438,0.6139180645161291,0.9677999402990033,1.8996100000000027
2022-06-11,67.73780000000001,62.44129,65.55666,0.7049103225806451,0.9678002533297507,2.1811400000000134
2022-06-12,68.85734,60.80053,66.64014,0.7165606451612904,0.9678000921906076,2.217199999999991
2022-06-13,68.717,61.36929,64.29459,0.6913396774193549,0.9356431450732715,4.422409999999999
2022-06-14,52.81084,43.36445,51.11034,0.5495735483870968,0.9678001713284622,1.7004999999999981
2022-06-15,0.0,0.0,0.0,0.0,,0.0
2022-06-16,0.0,0.0,0.0,0.0,,0.0
2022-06-17,19.05517,9.26903,18.44159,0.19829666666666668,0.9677998149583552,0.6135799999999989
2022-06-18,53.390100000000004,50.52129,51.67095,0.5556016129032257,0.9678002101513201,1.7191500000000062
2022-06-19,74.29495,66.89565,71.90268,0.7731470967741936,0.9678003686657034,2.3922699999999963
2022-06-20,75.31734,67.24046,72.89211,0.7837861290322581,0.9677998452945895,2.425229999999999
2022-06-21,59.16615,53.67685,57.26099,0.6157095698924732,0.9677998314914862,1.9051600000000022
2022-06-22,71.81232,62.30663,69.49997,0.7473115053763442,0.9678000933544552,2.312349999999995
2022-06-23,75.35313000000001,66.96321,72.92676,0.7841587096774194,0.9678000104308871,2.4263700000000057
2022-06-24,67.68727,63.039640000000006,65.50773000000001,0.7043841935483872,0.9677998536504724,2.1795399999999887
2022-06-25,65.74756000000001,55.82519,63.63049,0.6841988172043011,0.9678000217802759,2.1170700000000053
2022-06-26,74.41649,66.25751,72.02028,0.7744116129032258,0.9678000131422485,2.3962099999999964
2022-06-27,47.83657,41.14276,46.29624,0.4978090322580645,0.9678001579126596,1.5403300000000044
2022-06-28,76.2995,66.79642,73.84264,0.7940068817204301,0.9677997889894431,2.456859999999992
2022-06-29,72.06401,65.80528,69.74357,0.7499308602150538,0.9678002931005367,2.3204399999999907
2022-06-30,63.08377,245.46915,61.052440000000004,0.6564778494623656,0.9677994831317153,2.031329999999997
2022-07-01,74.13635000000001,65.10388,71.7492,0.7714967741935485,0.9678005458860599,2.3871500000000054
2022-07-02,71.50203,63.01159,69.19966000000001,0.744082365591398,0.9677999351906513,2.3023699999999963
2022-07-03,70.39725,63.664970000000004,68.13047,0.7325856989247312,0.967800162648399,2.266779999999997
2022-07-04,36.41505,31.86682,35.24248,0.37895139784946236,0.9677998519842758,1.1725700000000003
2022-07-05,51.54468,43.467600000000004,49.884930000000004,0.5363970967741936,0.9677997806951174,1.6597499999999954
2022-07-06,38.8941,36.77782,37.64172,0.40474967741935486,0.9678002576226213,1.2523800000000023
2022-07-07,10.0918,7.30189,9.76685,0.10501989247311828,0.9678005905784896,0.3249499999999994
2022-07-08,35.29696,28.99383,34.1604,0.3673161290322581,0.9678000598351814,1.1365599999999958
2022-07-09,55.45953,326.36403,53.67372,0.5771367741935485,0.9677997631786638,1.785809999999998
2022-07-10,65.47002,56.15366,63.36189,0.6813106451612904,0.9678000709332302,2.1081300000000027
2022-07-11,61.70123,57.29848,59.71444,0.6420907526881721,0.9677998315430665,1.9867899999999992
2022-07-12,63.81975,56.792500000000004,59.7113,0.6420569892473118,0.9356241602325299,4.108449999999998
2022-07-13,61.99902,54.58542,60.00241,0.6451872043010752,0.9677961038738999,1.996610000000004
2022-07-14,43.77041,39.64403,42.36101,0.4554947311827957,0.9678001645403824,1.409399999999998
2022-07-15,39.02923,35.284060000000004,37.772510000000004,0.4061560215053764,0.9678005433363662,1.2567199999999943
2022-07-16,43.44139,34.13108,42.04256,0.45207053763440863,0.9677996030974148,1.3988299999999967
2022-07-17,46.52052,43.20086,45.02254,0.48411333333333334,0.9677995860751342,1.4979799999999983
2022-07-18,38.1938,33.52228,36.96396,0.397461935483871,0.9678000094256135,1.229840000000003
2022-07-19,41.53381,37.07132,40.19642,0.4322195698924732,0.9677999682668169,1.3373899999999992
2022-07-20,35.47806,30.800720000000002,34.33567,0.36920075268817204,0.9678000995544852,1.142389999999999
2022-07-21,26.87133,22.00196,26.00608,0.2796352688172043,0.9678002540253869,0.8652499999999996
2022-07-22,49.06076,40.12652,47.481,0.5105483870967742,0.9677999280891694,1.5797600000000003
2022-07-23,48.27232,40.7478,46.71797,0.5023437634408602,0.9678003874684291,1.5543499999999995
2022-07-24,63.25488,59.29865,61.21808,0.6582589247311827,0.9678001128134304,2.0367999999999995
2022-07-25,64.83930000000001,52.726356184000004,62.75147,0.6747469892473118,0.9677999299807368,2.087830000000011
2022-07-26,65.45073000000001,58.27096,63.34321,0.6811097849462365,0.9677999007803273,2.107520000000008
2022-07-27,44.891149999999996,39.91005,43.445660000000004,0.4671576344086022,0.9678001120488116,1.4454899999999924
2022-07-28,56.275400000000005,46.63657,54.46335,0.5856274193548386,0.9678003177231969,1.8120500000000064
2022-07-29,56.27604,51.737700000000004,54.46396,0.5856339784946236,0.9678001508279545,1.8120800000000017
2022-07-30,70.17984,60.3964,67.92006,0.7303232258064517,0.9678001545743052,2.259779999999992
2022-07-31,67.29338,61.542390000000005,65.12654,0.700285376344086,0.9678001015850297,2.1668399999999934
2022-08-01,66.18076,57.448660000000004,64.04973,0.6887067741935483,0.967799856030665,2.1310300000000097
2022-08-02,20.91762,18.03076,20.24408,0.21767827956989247,0.9678003520476995,0.6735399999999991
2022-08-03,41.6579,33.58079,40.31653,0.4335110752688172,0.9678003451926286,1.3413699999999977
2022-08-04,26.04369,21.272100000000002,25.205090000000002,0.2710224731182796,0.9678002617908599,0.8385999999999996
2022-08-05,43.60784,37.18029,40.42817,0.4347115053763441,0.9270849003298489,3.1796700000000016
2022-08-06,58.89459,53.36666,56.9982,0.6128838709677419,0.9678002682419556,1.8963900000000038
2022-08-07,59.41386,329.09617000000003,57.50074,0.6182875268817204,0.9678001059012157,1.9131199999999993
2022-08-08,58.051210000000005,49.93886,56.18195,0.6041069892473119,0.9677998098575378,1.8692600000000041
2022-08-09,56.527060000000006,48.74996,54.70688,0.5882460215053763,0.9677998466575122,1.8201800000000077
2022-08-10,66.09498,56.77512,63.966730000000005,0.6878143010752689,0.9678001264241248,2.1282500000000013
2022-08-11,70.94489,63.76749,68.66048,0.7382847311827958,0.9678002178874335,2.284409999999994
2022-08-12,72.05553,62.66775,69.73533,0.7498422580645162,0.9677998343777362,2.3202
2022-08-13,69.33295,61.16906,67.10042,0.7215098924731183,0.9677998700473585,2.232529999999997
2022-08-14,73.58119,65.75534,71.21188000000001,0.7657191397849463,0.9678000586834761,2.3693099999999987
2022-08-15,74.74076,64.36540000000001,72.3341,0.7777860215053765,0.9677998992785196,2.406659999999988
2022-08-16,70.73504,63.51934,68.45738,0.7361008602150537,0.9678001171696518,2.2776599999999974
2022-08-17,70.92034,64.43327000000001,68.63672,0.738029247311828,0.9678002107716912,2.283619999999999
2022-08-18,53.359230000000004,45.057430000000004,51.64105,0.5552801075268817,0.9677997602289238,1.7181800000000038
2022-08-19,45.66725,37.81357,44.19674,0.4752337634408602,0.967799462415626,1.4705100000000044
2022-08-20,60.310900000000004,52.4909,58.36887,0.6276222580645161,0.9677996846341208,1.9420300000000026
2022-08-21,62.655080000000005,52.945299999999996,60.63758,0.6520169892473118,0.9677998974704045,2.0175000000000054
2022-08-22,54.950050000000005,49.57825,53.18066,0.5718350537634409,0.9678000292993364,1.7693900000000014
2022-08-23,73.76289,65.88655,71.38772,0.7676098924731183,0.9677999330015405,2.375169999999997
2022-08-24,63.348380000000006,54.67204,61.30856,0.6592318279569892,0.9677999658396946,2.039820000000006
2022-08-25,54.08336,46.92624,52.34188,0.5628159139784946,0.9678000775099773,1.7414799999999957
2022-08-26,43.8419,37.47157,42.43021,0.4562388172043011,0.9678004374810398,1.4116900000000001
2022-08-27,44.28492,37.69961,42.85895,0.4608489247311828,0.967800099898566,1.4259699999999995
2022-08-28,61.50671,54.22772,59.52617,0.6400663440860215,0.9677996108066909,1.9805399999999977
2022-08-29,38.72135,31.61328,37.47451,0.4029517204301076,0.9677996764059105,1.2468399999999988
2022-08-30,35.67223,28.7839,34.5236,0.37122150537634413,0.9678004430897649,1.1486299999999972
2022-08-31,61.06861,325.76579,59.1022,0.6355075268817205,0.9677999875877313,1.9664099999999962
2022-09-01,53.76755,47.71941,52.03623,0.5595293548387097,0.9677999090529511,1.7313199999999966
2022-09-02,49.36217,42.49202,47.7727,0.5136849462365591,0.9677998353800087,1.5894699999999986
2022-09-03,54.73644,46.96886,52.97392,0.5696120430107526,0.9677998788375715,1.762520000000002
2022-09-04,60.25882,322.11571999999995,58.31849,0.6270805376344085,0.9678000664467044,1.940330000000003
2022-09-05,73.64407,66.51310000000001,64.98737,0.6987889247311828,0.8824521784306598,8.6567
2022-09-06,57.96658,50.24831,56.10005,0.6032263440860215,0.9677998943529186,1.8665299999999974
2022-09-07,72.1942,63.55727,69.86955,0.7512854838709678,0.9678000448789517,2.3246499999999912
2022-09-08,61.0171,53.06106,59.052350000000004,0.6349715053763442,0.9678000101610861,1.9647499999999951
2022-09-09,73.67298,61.10384645,71.30072,0.7666744086021505,0.9678001351377398,2.372259999999997
2022-09-10,70.40522,66.38879,68.13816,0.7326683870967742,0.9677998307511858,2.2670600000000007
2022-09-11,68.97982,60.24272,66.75868,0.7178352688172043,0.9678001479273213,2.2211400000000054
2022-09-12,63.57199,56.830130000000004,61.52497,0.6615588172043011,0.9677999697665592,2.0470199999999963
2022-09-13,63.88461,56.17022,59.80763,0.6430927956989247,0.9361821258672473,4.076979999999999
2022-09-14,65.06859,56.74416,62.973400000000005,0.6771333333333334,0.9678002858214694,2.0951899999999952
2022-09-15,74.81125,66.12524,72.40236,0.77852,0.967800431084897,2.4088899999999995
2022-09-16,72.48060000000001,61.75865,70.14668,0.7542653763440861,0.9677993835591868,2.333920000000006
2022-09-17,70.03319,61.22877,67.77814000000001,0.7287972043010753,0.9678002672732743,2.255049999999997
2022-09-18,64.70417,58.85119,62.62071,0.6733409677419355,0.9678002206040198,2.0834600000000023
2022-09-19,44.08512,37.85871,42.66559,0.4587697849462366,0.9678002464323563,1.4195300000000017
2022-09-20,54.2467,46.229060000000004,52.49995,0.5645155913978495,0.9677998846012753,1.7467499999999987
2022-09-21,49.155570000000004,42.47744,47.57278,0.5115352688172043,0.9678003937295406,1.5827900000000028
2022-09-22,53.82003,47.049220000000005,52.087030000000006,0.5600755913978496,0.96780009227048,1.732999999999997
2022-09-23,78.5442,67.17959,76.01505,0.8173661290322581,0.9677996593001138,2.5291500000000013
2022-09-24,76.43814,66.02705,73.97683,0.7954497849462366,0.9677999752479587,2.4613099999999974
2022-09-25,72.81881,89.16455,70.47404,0.757785376344086,0.9677999407021346,2.344769999999997
2022-09-26,69.12828,62.85749,66.90237,0.7193803225806452,0.9678002982281636,2.225909999999999
2022-09-27,71.42135999999999,61.354060000000004,69.12158000000001,0.7432427956989248,0.9677998290707432,2.299779999999984
2022-09-28,55.45754,46.96887,53.67183,0.5771164516129033,0.9678004109089584,1.7857100000000017
2022-09-29,53.6719,46.95853,51.94364,0.5585337634408603,0.967799537560623,1.7282599999999988
2022-09-30,60.71202,52.34406,58.7571,0.6317967741935484,0.9678001160231532,1.9549200000000013
2022-10-01,73.05394,61.8823,70.70159,0.7602321505376344,0.9677998202424126,2.3523500000000013
2022-10-02,73.81443,65.70043,71.43764,0.7681466666666666,0.9678004693662201,2.3767899999999997
2022-10-03,76.9186,66.82519,74.4418,0.8004494623655914,0.96779972594405,2.4767999999999972
2022-10-04,77.05045,67.12321,74.56942,0.8018217204301075,0.9677999284884125,2.481030000000004
2022-10-05,63.65298,56.22232,61.60337,0.6624018279569892,0.9678002506716888,2.0496100000000013
2022-10-06,57.98521,52.16288,56.1181,0.6034204301075269,0.9678002373363828,1.8671100000000038
2022-10-07,62.79756,50.13113,60.77548,0.6534997849462366,0.9678000228034338,2.0220799999999954
2022-10-08,75.47552,64.24365,73.04522,0.7854324731182796,0.9678001556001203,2.4303000000000026
2022-10-09,71.92699,66.7518,69.61093,0.748504623655914,0.9677998481515769,2.3160600000000073
2022-10-10,68.11405,59.21398000000001,65.92075,0.7088252688172043,0.967799594944068,2.193300000000008
2022-10-11,60.0232,52.47451,58.09047,0.6246287096774193,0.9678002838902291,1.9327299999999994
2022-10-12,72.21849,63.40332,69.89309,0.7515386021505377,0.9678004898745459,2.325400000000002
2022-10-13,74.02588,63.36333,71.64223,0.7703465591397849,0.9677997748895386,2.383650000000003
2022-10-14,78.49095,67.53334,75.96354,0.8168122580645161,0.9677999820361455,2.5274100000000033
2022-10-15,72.67912,64.64601,70.33885000000001,0.7563317204301077,0.9677999678587194,2.3402699999999896
2022-10-16,71.47212,62.272130000000004,69.17072,0.743771182795699,0.9678000316766874,2.301400000000001
2022-10-17,70.83003000000001,63.278130000000004,68.5493,0.737089247311828,0.9677999571650612,2.2807300000000055
2022-10-18,73.42154000000001,62.54578,71.05737,0.7640577419354839,0.9678000488684928,2.3641700000000014
2022-10-19,68.66284,60.89,66.45189,0.7145364516129032,0.9677999045772065,2.210949999999997
2022-10-20,71.00256,60.592020000000005,68.71625,0.7388844086021505,0.9677996117323093,2.2863100000000003
2022-10-21,78.32588,64.03134,75.80376,0.8150941935483871,0.9677996595761197,2.522120000000001
2022-10-22,71.01857,62.31553,68.73177,0.7390512903225807,0.9677999711906337,2.2867999999999995
2022-10-23,72.83075,337.04102,70.4856,0.7579096774193549,0.9678000020595697,2.3451499999999896
2022-10-24,69.80298,59.19974,67.55531,0.726401182795699,0.9677997988051513,2.2476699999999994
2022-10-25,74.82298,63.53401,69.24733,0.7445949462365592,0.9254821179268723,5.575649999999996
2022-10-26,73.01534,62.62885,70.66424,0.7598305376344087,0.9677999171133082,2.351099999999988
2022-10-27,68.16707,58.53559,65.97209,0.7093773118279569,0.9677999949242354,2.194980000000001
2022-10-28,73.75681,62.23987,71.38184,0.7675466666666666,0.9677999902653056,2.3749700000000047
2022-10-29,78.99888,66.22407,76.45514,0.8220982795698925,0.9678003029916373,2.5437399999999997
2022-10-30,71.48499,63.27261,69.18319,0.7439052688172043,0.9678002333077196,2.3018
2022-10-31,56.48305,49.93475,54.66429,0.5877880645161291,0.9677998974913713,1.8187599999999975
2022-11-01,56.6933,49.679,54.86777,0.5899760215053763,0.9677998987534682,1.8255300000000005
2022-11-02,65.22078,55.42891,63.12067,0.6787168817204301,0.9677999864460375,2.100110000000008
2022-11-03,74.34146,64.52267,71.94767,0.7736308602150538,0.9678000674186383,2.3937899999999956
2022-11-04,64.776,54.8362,62.69023,0.6740884946236559,0.9678002655304434,2.0857699999999966
2022-11-05,70.94662,62.108180000000004,68.66213,0.7383024731182796,0.9677998754556596,2.284489999999991
2022-11-06,75.25779,65.55322,72.83448,0.7831664516129032,0.96779987825845,2.4233100000000007
2022-11-07,69.77667,61.72043,67.52985,0.7261274193548387,0.9677998391152802,2.2468199999999996
2022-11-08,69.3005,60.97178,67.06904,0.7211724731182796,0.9678002323215561,2.2314599999999984
2022-11-09,70.67013,61.2876,68.39457,0.7354254838709677,0.9678002573364447,2.2755599999999987
2022-11-10,61.71618,52.59937,59.7289,0.6422462365591398,0.9677996920742664,1.9872799999999984
2022-11-11,73.03412,65.88403,70.68244,0.7600262365591398,0.9678002555517886,2.3516800000000018
2022-11-12,69.14283,61.64728,66.91644,0.7195316129032258,0.967800131987655,2.226390000000009
2022-11-13,76.02621,66.49459,73.57817,0.7911631182795699,0.9678000521136065,2.448040000000006
2022-11-14,71.96262,63.87035,69.64543,0.7488755913978495,0.9678000884348014,2.3171899999999965
2022-11-15,75.01427,66.18908,72.59881,0.7806323655913978,0.9677999932546169,2.415459999999996
2022-11-16,72.2517,335.08036999999996,69.92517,0.7518835483870967,0.9677996503888489,2.3265300000000053
2022-11-17,75.27355,65.73021,72.84973000000001,0.783330430107527,0.9677998446997652,2.423819999999992
2022-11-18,69.3177,57.13816,67.08568,0.7213513978494623,0.9678001433977179,2.2320200000000057
2022-11-19,64.21772,53.86963,62.1499,0.668278494623656,0.967799853373804,2.0678199999999975
2022-11-20,74.68115,64.27494,72.27643,0.7771659139784947,0.9678001744750852,2.4047199999999975
2022-11-21,76.83487,67.23445,74.36076,0.799578064516129,0.9677996461762739,2.474109999999996
2022-11-22,69.14409,61.89856,66.91764,0.7195445161290324,0.9677998510067889,2.22645
2022-11-23,72.95177000000001,61.70279,70.60273000000001,0.7591691397849464,0.96780009587156,2.3490400000000022
2022-11-24,68.40123,60.5367,66.19873,0.7118143010752688,0.9678002866322726,2.2025000000000006
2022-11-25,73.32107,340.98585999999995,67.60744,0.7269617204301075,0.9220738322558576,5.713630000000009
2022-11-26,75.70891,609.758,73.27111000000001,0.7878613978494624,0.9678003553346628,2.4377999999999957
2022-11-27,74.63976,66.98234,72.23636,0.7767350537634409,0.9678000036441705,2.4033999999999907
2022-11-28,65.91061,53.557520000000004,63.7883,0.6858956989247311,0.9678001766331702,2.122310000000006
2022-11-29,70.23415,62.54937,67.97263,0.7308884946236559,0.9678002794936651,2.2615200000000044
2022-11-30,71.61917,62.26223,69.31306000000001,0.7453017204301076,0.9678003808198281,2.3061099999999897
2022-12-01,76.10362,66.69329,73.65311,0.7919689247311827,0.967800349050413,2.4505100000000084
2022-12-02,71.64415,61.72778,69.33718,0.7455610752688172,0.9677996040151221,2.3069699999999926
2022-12-03,67.93079,56.94373,65.74343,0.7069186021505377,0.9678001683772558,2.187359999999998
2022-12-04,72.80584,64.30684000000001,70.4615,0.7576505376344086,0.967800110540583,2.3443400000000025
2022-12-05,71.75591,62.68495,69.44537,0.7467244086021505,0.9678000042087125,2.310540000000003
2022-12-06,68.28488,55.59118,66.08609,0.7106031182795699,0.9677997530346395,2.1987900000000025
2022-12-07,74.85902,66.28452,72.44856,0.7790167741935484,0.967800005931149,2.4104600000000005
2022-12-08,72.72043,63.55267,70.37883,0.7567616129032257,0.9677999703797131,2.3415999999999997
2022-12-09,72.86233,342.7078,70.51617,0.7582383870967743,0.9678000964284288,2.3461599999999976
2022-12-10,72.88676000000001,63.28983,70.53981,0.7584925806451613,0.9678000503795201,2.3469500000000068
2022-12-11,74.28335,66.30733000000001,71.89143,0.7730261290322581,0.967800052097812,2.391919999999999
2022-12-12,71.53199000000001,62.76925,69.22866,0.7443941935483871,0.9678000010904212,2.3033300000000025
2022-12-13,73.21586,65.29626,70.8583,0.7619172043010752,0.967799872869075,2.3575600000000065
2022-12-14,77.63726,66.85873000000001,75.13733,0.8079282795698925,0.9677998682591323,2.499929999999992
2022-12-15,76.14025,65.57234,73.68854,0.7923498924731183,0.9678000794586308,2.4517099999999914
2022-12-16,71.4071,58.8365,69.10779000000001,0.7430945161290323,0.9677999806741908,2.2993099999999913
2022-12-17,76.26632000000001,66.07302,73.81055,0.7936618279569894,0.9678000721681602,2.455770000000001
2022-12-18,74.50573,66.97199,72.10666,0.775340430107527,0.9678001946964349,2.3990699999999947
2022-12-19,75.48633,60.87494,73.0557,0.7855451612903226,0.9678003951178976,2.4306299999999936
2022-12-20,75.31926,67.01069,72.89399,0.7838063440860216,0.9678001350517783,2.4252699999999976
2022-12-21,76.28652,66.07931,73.83011,0.7938721505376345,0.967800209001538,2.456409999999991
2022-12-22,78.27999,66.8009,75.75938000000001,0.8146169892473119,0.967800072534501,2.5206099999999907
2022-12-23,68.64275,59.67993,66.43247000000001,0.7143276344086023,0.967800241103394,2.2102799999999974
2022-12-24,80.76952,66.74284,78.16874,0.8405240860215054,0.9677999819733979,2.6007800000000003
2022-12-25,74.24612,66.54781,71.85541,0.7726388172043012,0.9678002028927573,2.3907099999999986
2022-12-26,73.20651000000001,62.66453,70.84927,0.7618201075268818,0.9678001314363982,2.3572400000000044
2022-12-27,61.3872,53.28448,59.41053,0.6388229032258065,0.9677999648135116,1.9766699999999986
2022-12-28,73.96807,64.81360000000001,71.58633,0.7697454838709678,0.9678004306452772,2.3817399999999935
2022-12-29,72.32315,63.55532,69.99433,0.7526272043010753,0.9677997985430669,2.3288199999999932
2022-12-30,71.59727,60.82925,69.29183,0.7450734408602151,0.9677998895767954,2.30543999999999
2022-12-31,75.75649,66.66518,73.31711,0.7883560215053763,0.967799722505623,2.43938
2023-01-01,72.73056,65.21233,70.38864,0.7568670967741935,0.9678000554374941,2.341920000000002
2023-01-02,68.71552,58.83747,66.50288,0.7150847311827957,0.9677999962744953,2.2126399999999933
2023-01-03,73.51743,63.43453,71.15019,0.7650558064516129,0.9678002889926918,2.3672400000000096
2023-01-04,94.9309,63.75332,91.87413,0.9878938709677418,0.9678000524592097,3.05677
2023-01-05,80.39596,66.76531,77.80718,0.8366363440860215,0.9677996257523388,2.58878
2023-01-06,68.36337,59.905530000000006,66.17291,0.7115366666666667,0.9679585719662445,2.1904600000000016
2023-01-07,82.73698,66.39254,80.07284,0.8609982795698925,0.9677998882724508,2.6641400000000033
2023-01-08,71.25323,61.99694,68.95889,0.7414934408602151,0.9678001965665275,2.2943400000000054
2023-01-09,66.60823,57.67325,64.46346,0.6931554838709677,0.9678002252874757,2.1447700000000083
2023-01-10,73.89256,61.38636,71.51323000000001,0.7689594623655914,0.9678001411779481,2.379329999999996
2023-01-11,62.01696,57.19257,60.02,0.6453763440860215,0.9677997760612582,1.9969599999999943
2023-01-12,78.50624,62.4349,75.97832,0.8169711827956989,0.967799757063897,2.527920000000009
2023-01-13,71.50601,64.02972,69.20352,0.7441238709677419,0.9678000492546011,2.302490000000006
2023-01-14,77.78331,65.21066,75.2787,0.8094483870967742,0.9678001617570658,2.5046099999999996
2023-01-15,73.78901,65.91255,71.41301,0.7678818279569892,0.9678000829662845,2.3760000000000048
2023-01-16,69.43992,59.77436,67.20395,0.7226231182795699,0.9677999341013066,2.2359699999999947
2023-01-17,71.10812,58.74778,68.81843,0.73998311827957,0.9677998799574508,2.289689999999993
2023-01-18,44.09959,33.65189,42.6796,0.45892043010752687,0.9678003809105709,1.4199899999999985
2023-01-19,69.47731,60.037440000000004,67.24015,0.7230123655913978,0.9678001350368919,2.237160000000003
2023-01-20,70.52407000000001,62.62174,68.25323,0.7339056989247312,0.967800497050156,2.270840000000007
2023-01-21,76.36082,64.66083,73.90203,0.7946454838709677,0.9678003719708614,2.4587900000000076
2023-01-22,74.03318,67.07033,71.64935,0.7704231182795699,0.9678005186323213,2.3838300000000032
2023-01-23,78.95797,66.81649,76.41554000000001,0.8216724731182796,0.9678002106690433,2.542429999999996
2023-01-24,74.19887,63.683150000000005,71.80966000000001,0.7721468817204302,0.9677999139339993,2.3892099999999914
2023-01-25,63.74401,56.32865,61.69148,0.663349247311828,0.967800425483116,2.0525300000000044
2023-01-26,74.26939,66.34017,71.88273,0.7729325806451612,0.967864822910219,2.386660000000006
2023-01-27,81.25128000000001,66.47452,78.63501000000001,0.8455377419354839,0.9678002611158865,2.61627
2023-01-28,75.49506,65.23891,73.06412,0.7856356989247312,0.9678000123451788,2.4309399999999926
2023-01-29,75.3621,67.22223,72.93541,0.7842517204301076,0.9677995968795987,2.4266899999999936
2023-01-30,73.35274,62.29086,70.99075,0.7633413978494624,0.9677995668600793,2.3619899999999916
2023-01-31,71.1801,63.075070000000004,68.88811,0.7407323655913978,0.9678001295305851,2.2919899999999984
2023-02-01,77.2787,65.1195,74.79033,0.8041970967741935,0.9678000535723297,2.4883700000000033
2023-02-02,77.03617,64.89498,74.55563000000001,0.8016734408602152,0.967800320291105,2.4805399999999906
2023-02-03,79.61884,66.80264,77.05513,0.8285497849462367,0.967800209096239,2.5637100000000004
2023-02-04,73.06512000000001,63.303380000000004,70.71243,0.7603487096774193,0.9678000939435943,2.3526900000000097
2023-02-05,61.239560000000004,52.73107,59.26765,0.6372865591397849,0.9678000625739309,1.9719100000000012
2023-02-06,84.24626,68.68332000000001,81.53353,0.876704623655914,0.9677999949196557,2.7127300000000076
2023-02-07,66.69899000000001,54.16478,64.55128,0.6940997849462366,0.967799962188333,2.1477100000000036
2023-02-08,69.45641,58.93118,67.21992,0.7227948387096774,0.9678000921729182,2.2364900000000034
2023-02-09,55.12895,48.90159,53.3538,0.5736967741935484,0.9678000397250446,1.7751500000000036
2023-02-10,80.17906,67.13028,77.59727000000001,0.834379247311828,0.9677996973274569,2.581789999999998
2023-02-11,78.61949,92.32652,76.08796,0.8181501075268817,0.9678002235832361,2.5315300000000036
2023-02-12,78.23474,66.63843,75.71560000000001,0.8141462365591399,0.9678002381039421,2.519139999999993
2023-02-13,74.42067,66.62937,72.02432,0.7744550537634409,0.9677999405272756,2.396349999999998
2023-02-14,76.09533,66.41594,73.64504000000001,0.7918821505376346,0.9677997322568942,2.4502899999999954
2023-02-15,79.09464,65.93689,76.54781,0.8230947311827956,0.9678002200907672,2.54683
2023-02-16,74.38968,65.69828,71.99434,0.774132688172043,0.9678001034552104,2.3953400000000045
2023-02-17,60.02494,49.46723,58.092150000000004,0.6246467741935484,0.9678002177095054,1.9327899999999971
2023-02-18,52.398230000000005,46.07907,50.711020000000005,0.5452797849462366,0.9678002482144912,1.6872100000000003
2023-02-19,77.30651,67.05359,74.81725,0.804486559139785,0.967800124465585,2.4892600000000016
2023-02-20,78.68948,67.25449,76.15566,0.818878064516129,0.9677997617978921,2.5338200000000057
2023-02-21,75.34693,67.14466,72.92075,0.7840940860215053,0.9677998824902355,2.4261800000000022
2023-02-22,75.41983,65.94112,72.99131,0.7848527956989247,0.9677999804560683,2.428520000000006
2023-02-23,78.262,66.18822,75.74195,0.8144295698924732,0.9677998262247324,2.5200499999999977
2023-02-24,77.58137,66.76866,75.08326,0.80734688172043,0.9678001303663494,2.498110000000011
2023-02-25,75.46388,66.09918,73.03397,0.7853115053763441,0.9678003569389753,2.4299100000000067
2023-02-26,73.65715,63.98002,71.27043,0.7663487096774194,0.9675968999615109,2.386719999999997
2023-02-27,73.11461,66.46051,70.76031,0.7608635483870968,0.9677998692737334,2.354299999999995
2023-02-28,77.85279,65.9124,75.34592,0.810171182795699,0.9677998694716016,2.506869999999992
2023-03-01,72.18781,62.94332,69.86336,0.7512189247311828,0.9677999651187645,2.324449999999999
2023-03-02,61.95155,49.29723,59.95671,0.644695806451613,0.9677999985472518,1.9948399999999964
2023-03-03,62.83536,52.79475,60.81206,0.65389311827957,0.9677999775922347,2.023299999999999
2023-03-04,71.4732,60.27709,69.17176,0.7437823655913979,0.9677999585858755,2.3014399999999995
2023-03-05,66.84256,64.42272,64.69023,0.695593870967742,0.9678000064629481,2.1523300000000063
2023-03-06,78.45927,66.93506000000001,75.9329,0.8164827956989248,0.9678002357146581,2.52637
2023-03-07,77.76001000000001,67.18891,75.25615,0.8092059139784947,0.9678001584619137,2.503860000000003
2023-03-08,76.85214,67.32162,74.37751,0.7997581720430108,0.9678001159108907,2.4746300000000048
2023-03-09,77.7386,66.1981,75.23541,0.8089829032258065,0.967799908925553,2.5031900000000036
2023-03-10,81.91691,66.76137,79.27917000000001,0.8524641935483872,0.9677998108082935,2.6377399999999938
2023-03-11,73.33005,66.78433,70.96882,0.7631055913978494,0.9677999674076315,2.361230000000006
2023-03-12,76.55131,63.83618,74.08636,0.7966275268817204,0.9678000285037578,2.4649500000000018
2023-03-13,76.73699,66.45948,74.26608,0.79856,0.967800274678483,2.4709100000000035
2023-03-14,73.59766,66.8451,71.22781,0.7658904301075269,0.9677999273346463,2.3698499999999996
2023-03-15,80.05895,67.17462,77.48106,0.8331296774193548,0.967800102299618,2.5778899999999965
2023-03-16,71.08454,63.77349,68.79564,0.7397380645161291,0.9678003121353813,2.288899999999998
2023-03-17,76.63459,66.68303,74.16694,0.7974939784946237,0.9677997885811093,2.467650000000006
2023-03-18,76.55318,66.59818,74.08816,0.7966468817204301,0.9677999006703576,2.4650199999999955
2023-03-19,75.43558,67.51865,73.00657,0.78501688172043,0.9678002078064488,2.429010000000005
2023-03-20,63.04549,51.63943,249.56605000000002,2.683505913978495,3.958507579209869,-186.52056000000002
2023-03-21,61.700500000000005,53.21094,59.71374,0.6420832258064516,0.9677999367914359,1.9867600000000039
2023-03-22,79.62515,66.98349,77.06123,0.828615376344086,0.9678001234534565,2.56392000000001
2023-03-23,75.51061,67.31360000000001,73.07918000000001,0.7857976344086023,0.9678001541770092,2.4314299999999918
2023-03-24,75.29328,66.63218,72.86883,0.7835358064516129,0.9677999152115568,2.424449999999993
2023-03-25,77.73154,63.675292,75.22859,0.8089095698924731,0.967800071888451,2.5029499999999985
2023-03-26,76.38802,66.06915000000001,73.93085,0.7949553763440861,0.9678330450245995,2.4571699999999908
2023-03-27,77.47083,66.20114,74.97628,0.8061965591397849,0.9678001384521115,2.494550000000004
2023-03-28,78.44931,66.02676,75.92323,0.8163788172043012,0.9677998442561191,2.526079999999993
2023-03-29,80.30672,66.33136,77.72082,0.8357077419354839,0.9677997059274741,2.585899999999995
2023-03-30,77.12942,67.12333,74.64585,0.8026435483870967,0.9677999653050677,2.4835700000000003
2023-03-31,76.51119,63.823710000000005,74.04751,0.7962097849462366,0.9677997427565824,2.4636799999999965
2023-04-01,73.60674,64.17417,71.23662,0.7659851612903226,0.9678002313375107,2.37012
2023-04-02,76.25693,66.34404,73.80147000000001,0.7935641935483871,0.9678001723908898,2.455459999999988
2023-04-03,76.09845,66.7195,73.64811,0.7919151612903226,0.9678003954088421,2.450339999999997
2023-04-04,78.38514,67.48671,75.86115000000001,0.8157112903225807,0.9678001468135414,2.5239899999999977
2023-04-05,75.20447,64.00832,72.78287,0.7826115053763442,0.9677997863690816,2.421599999999998
2023-04-06,68.50783,58.0625,66.30189,0.7129235483870968,0.9678001770016654,2.2059399999999982
2023-04-07,80.67961,65.93911,78.08172,0.8395883870967742,0.9677999187155218,2.5978899999999925
2023-04-08,84.45508,70.00841,81.73566,0.8788780645161289,0.9678003975604547,2.7194199999999995
2023-04-09,76.84984,68.92486,74.37529,0.7997343010752689,0.9678001932079495,2.4745499999999936
2023-04-10,83.44655,67.68839,80.75959,0.868382688172043,0.9678002266121247,2.686959999999999
2023-04-11,49.09891,41.15845,47.51791,0.5109452688172043,0.9677996924982654,1.580999999999996
2023-04-12,84.75138,439.10772,82.02239,0.8819611827956989,0.9678000523413307,2.728989999999996
2023-04-13,84.59436,71.63747000000001,81.87043,0.8803272043010753,0.967800099202831,2.7239299999999957
2023-04-14,83.58347,72.76434,80.8921,0.8698075268817205,0.9678002121711385,2.6913700000000063
2023-04-15,84.35362,73.24842,81.63743000000001,0.8778218279569894,0.9677999592667156,2.7161899999999974
2023-04-16,84.28489,72.12798000000001,81.57092,0.8771066666666667,0.9678000410275198,2.7139700000000033
2023-04-17,83.9263,73.97385,81.22388000000001,0.8733750537634409,0.9678000817383825,2.7024199999999894
2023-04-18,83.49604000000001,73.70766,80.80748,0.8688976344086021,0.9678001495639792,2.6885600000000096
2023-04-19,84.20191,72.62922,81.49062,0.8762432258064516,0.9678001366002269,2.711289999999991
2023-04-20,83.94964,72.58417,81.24647,0.8736179569892474,0.9678001001552836,2.70317
2023-04-21,114.66945,72.52053000000001,110.97708,1.193301935483871,0.9677998804389487,3.692369999999997
2023-04-22,84.11474,72.40107,81.40621,0.8753355913978494,0.9677995794791734,2.708529999999996
2023-04-23,83.96649000000001,72.56951000000001,81.26277,0.8737932258064517,0.9678000116475036,2.703720000000004
2023-04-24,83.32126,72.49300000000001,80.63832000000001,0.8670787096774194,0.96780005487195,2.682939999999988
2023-04-25,83.99326,71.66029,81.28868,0.8740718279569892,0.9678000353837914,2.704580000000007
2023-04-26,69.90866,58.35176,67.63278,0.727234193548387,0.9674449488804391,2.275880000000001
2023-04-27,83.68935,72.3071,80.99457,0.8709093548387097,0.9678002039686052,2.6947800000000086
2023-04-28,83.68473,72.65965,80.99008,0.8708610752688173,0.9677999797573584,2.6946499999999958
2023-04-29,73.1404,63.04005,70.78527,0.7611319354838709,0.9677998753083111,2.3551300000000026
2023-04-30,83.8964,72.29813,81.19494,0.873063870967742,0.9678000486314073,2.7014599999999973
2023-05-01,83.23601000000001,72.50121,80.55581000000001,0.8661915053763442,0.9677999942572932,2.6801999999999992
2023-05-02,81.83078,71.44003000000001,79.19582,0.8515679569892473,0.9677998914344944,2.6349600000000066
2023-05-03,83.26744000000001,71.68361,77.21891000000001,0.8303108602150538,0.9273602022591304,6.0485299999999995
2023-05-04,80.25224,70.4917,77.66813,0.8351411827956989,0.9678001511235076,2.5841099999999955
2023-05-05,53.74507,43.21631,52.01447,0.5592953763440861,0.9677998372687951,1.7305999999999955
2023-05-06,82.00545,70.05407,79.36489,0.8533859139784946,0.9678001888898848,2.6405599999999936
2023-05-07,83.07167,72.52416,80.39676,0.8644812903225807,0.9677999732038612,2.674909999999997
2023-05-08,82.77566,72.53864,80.11027,0.8614007526881721,0.9677998339125293,2.665390000000002
2023-05-09,82.05795,71.47335,79.41568000000001,0.8539320430107528,0.9677999511320964,2.6422699999999963
2023-05-10,82.53552,73.13991,79.87788,0.8589019354838711,0.9678000453622877,2.6576400000000007
2023-05-11,63.57553,51.17318,61.528420000000004,0.6615959139784947,0.9678003470832253,2.0471099999999964
2023-05-12,82.25598000000001,68.40881,79.60734,0.8559929032258063,0.9678000310737285,2.6486400000000145
2023-05-13,78.42087000000001,66.68202000000001,75.89571000000001,0.8160829032258066,0.9677998981648636,2.5251599999999996
2023-05-14,84.75795000000001,72.93507,82.02876,0.8820296774193549,0.9678001886548695,2.7291900000000027
2023-05-15,82.81195,71.59445,80.14541,0.8617786021505376,0.9678000578418936,2.6665399999999977
2023-05-16,75.64503,63.87635,73.20926,0.7871963440860215,0.9677999995505322,2.435770000000005
2023-05-17,81.92458,69.60808,79.2866,0.8525440860215054,0.9677998959530827,2.637979999999999
2023-05-18,82.42025,73.11201,79.7663,0.8577021505376344,0.9677997822137158,2.6539499999999947
2023-05-19,83.04085,72.49688,80.36694,0.8641606451612903,0.967800064666968,2.6739100000000064
2023-05-20,82.44224,72.16767,79.7876,0.8579311827956989,0.9678000015526022,2.6546400000000006
2023-05-21,71.65546,58.61739,69.34817,0.7456792473118279,0.9678002206670642,2.307290000000009
2023-05-22,78.81161,66.02765,76.27388,0.820149247311828,0.9678000487491628,2.5377299999999963
2023-05-23,79.38532000000001,70.43943,76.82913,0.8261196774193549,0.9678002179748094,2.556190000000001
2023-05-24,82.7466,72.7671,80.08217,0.8610986021505377,0.9678001271351331,2.664429999999996
2023-05-25,82.08847,72.60407000000001,79.44521,0.8542495698924731,0.967799862757827,2.643259999999998
2023-05-26,80.1288,68.64052,77.56378000000001,0.8340191397849464,0.9679887880512377,2.56501999999999
2023-05-27,82.64313,360.30411,79.98204,0.860021935483871,0.9678002273147205,2.6610900000000015
2023-05-28,80.3662,95.34455,77.77839,0.8363267741935484,0.9677997715457493,2.5878100000000046
2023-05-29,68.02219000000001,58.41895,65.83186,0.7078694623655915,0.9677997723978014,2.190330000000003
2023-05-30,82.10138,72.25402,79.4577,0.8543838709677419,0.9677998104294958,2.6436800000000034
2023-05-31,71.26471000000001,341.20983,68.96996,0.7416124731182796,0.9677996304201616,2.2947500000000076
2023-06-01,83.00727,72.15825,80.33444,0.8638111827956989,0.9678000493209811,2.6728300000000047
2023-06-02,82.2009,71.21923,79.55404,0.8554197849462366,0.967800109244546,2.6468600000000038
2023-06-03,80.7766,71.18948,78.17558,0.8405976344086021,0.9677998331199876,2.6010200000000054
2023-06-04,79.15874000000001,68.83981,76.60984,0.8237617204301075,0.9678001443681392,2.5489000000000033
2023-06-05,76.60655,68.09433,74.13984,0.7972025806451614,0.9678002729531614,2.466709999999992
2023-06-06,81.89063,70.54860000000001,79.25373,0.8521906451612904,0.9677997348414586,2.636899999999997
2023-06-07,81.54309,70.95006000000001,78.91739,0.8485740860215053,0.9677998466822878,2.625700000000009
2023-06-08,82.41672,71.48261,79.76291,0.8576656989247312,0.9678001017269312,2.653809999999993
2023-06-09,71.96791,63.931400000000004,69.65053,0.7489304301075269,0.9677998152232016,2.31738
2023-06-10,81.90976,72.2602,79.27227,0.8523900000000001,0.9678000521549569,2.6374899999999997
2023-06-11,81.53215,72.92976,78.90682,0.8484604301075268,0.9678000641464747,2.6253300000000053
2023-06-12,75.47857,63.00627,73.04818,0.7854643010752689,0.9678002643664287,2.4303900000000027
2023-06-13,82.86937,71.446,80.20095,0.8623758064516129,0.967799682801981,2.6684199999999976
2023-06-14,82.35118,72.94305,79.69948,0.8569836559139784,0.9678000970963622,2.6517000000000053
2023-06-15,81.60082,73.51389,78.97329,0.8491751612903227,0.9678002010273917,2.627529999999993
2023-06-16,82.27874,72.83876000000001,79.62937,0.8562297849462365,0.9678000659708692,2.6493700000000047
2023-06-17,71.05892,427.82392,68.77084,0.7394713978494625,0.9678002423903995,2.2880799999999937
2023-06-18,81.05162,71.86085,78.44177,0.8434598924731184,0.9678001500771978,2.6098499999999945
2023-06-19,81.06101,70.54194,78.45085,0.8435575268817205,0.9678000557851426,2.6101599999999934
2023-06-20,81.44266,73.52536,78.8202,0.8475290322580645,0.967799922055591,2.622460000000004
2023-06-21,81.31562,71.73101,78.69725,0.8462069892473117,0.9677999134729588,2.6183699999999988
2023-06-22,76.61106000000001,68.11569,74.14419,0.7972493548387096,0.9678000800406623,2.4668700000000143
2023-06-23,81.0309,71.90212,78.42171,0.8432441935483872,0.9678000614580364,2.609189999999998
2023-06-24,79.5842,68.62745000000001,77.02159,0.8281891397849462,0.9678000155809823,2.5626099999999923
2023-06-25,76.85352,70.6775,74.37884,0.7997724731182795,0.9678000435113446,2.4746800000000064
2023-06-26,81.08083,71.52203,78.46902,0.8437529032258064,0.9677875769155297,2.6118100000000055
2023-06-27,81.40559,70.99982,78.78435,0.8471435483870968,0.9678002456588055,2.6212400000000002
2023-06-28,80.04092,72.59232,77.4636,0.832941935483871,0.9677999703151838,2.5773200000000003
2023-06-29,83.80071,74.43209,81.10233,0.872068064516129,0.9678000341524553,2.6983800000000002
2023-06-30,82.15004,346.47226000000006,79.50483,0.8548906451612903,0.9678002591356011,2.645210000000006
2023-07-01,76.45003,67.66849,73.98834000000001,0.7955735483870968,0.9678000126357048,2.46168999999999
2023-07-02,80.57116,74.29457000000001,77.97676,0.8384597849462365,0.9677998926663088,2.5944000000000074
2023-07-03,46.057860000000005,41.32877,44.57479,0.47929881720430106,0.9677998500147422,1.483070000000005
2023-07-04,74.6697,69.73501,72.26533,0.777046559139785,0.967799924199508,2.40437
2023-07-05,77.76554,70.23153,75.26149000000001,0.8092633333333334,0.9678000049893566,2.5040499999999923
2023-07-06,52.86284,49.54955,51.160650000000004,0.5501145161290323,0.9677998760566024,1.7021899999999945
2023-07-07,64.23057,60.84705,62.162330000000004,0.6684121505376345,0.9677997564088253,2.068239999999996
2023-07-08,62.51722,55.30055,60.50419,0.650582688172043,0.9678003916360964,2.0130300000000005
2023-07-09,63.04287,58.749570000000006,61.01287,0.6560523655913978,0.9677996893225197,2.030000000000001
2023-07-10,70.1363,63.816140000000004,67.8779,0.7298698924731183,0.9677998411664144,2.258400000000009
2023-07-11,66.89236,63.25356,64.73844,0.696112258064516,0.9678002091718696,2.1539199999999994
2023-07-12,75.66991,69.54123,73.23333,0.7874551612903226,0.9677998824103266,2.4365800000000064
2023-07-13,75.88776,69.63577000000001,73.44416,0.7897221505376344,0.9677998138303199,2.4436000000000035
2023-07-14,25.48911,24.207900000000002,24.66836,0.2652511827956989,0.9677999741850539,0.8207500000000003
2023-07-15,69.3764,59.95362,67.1425,0.7219623655913978,0.9678002894356005,2.2339000000000055
2023-07-16,78.67972,75.88341,76.14624,0.8187767741935484,0.9678000887649321,2.5334799999999973
2023-07-17,78.19075000000001,436.97545,75.67301,0.8136882795698925,0.9678000274968586,2.5177400000000034
2023-07-18,78.57707,71.36926,76.04688,0.8177083870967742,0.967799893785808,2.5301900000000046
2023-07-19,80.36553,77.41857,77.77777,0.8363201075268818,0.9678001252527046,2.587760000000003
2023-07-20,58.5452,55.394830000000006,56.66003,0.6092476344086022,0.9677997513032665,1.8851700000000022
2023-07-21,41.61084,318.88003999999995,40.27097,0.4330211827956989,0.9677999771213461,1.3398700000000048
2023-07-22,76.59534000000001,71.31189,74.12896,0.7970855913978495,0.9677998687648622,2.466380000000001
2023-07-23,73.01627,70.40694,70.66514000000001,0.7598402150537635,0.9677999163748026,2.3511299999999977
2023-07-24,51.49983,44.793350000000004,49.84154,0.5359305376344087,0.9678000878837852,1.658290000000001
2023-07-25,44.91167,44.09301,43.46552,0.4673711827956989,0.9678001285634669,1.446150000000003
2023-07-26,59.72424,52.84499,57.79966,0.6215017204301075,0.9677755631549267,1.9245799999999988
2023-07-27,70.56086,62.15681,68.28880000000001,0.7342881720430109,0.9677999956349739,2.272059999999996
2023-07-28,70.64292,66.23195,68.3682,0.735141935483871,0.9677997455371323,2.274720000000002
2023-07-29,72.80714,66.28232,70.46274,0.7576638709677419,0.967799861387221,2.3444000000000074
2023-07-30,75.541,69.10472,73.10857,0.7861136559139785,0.9677998702691254,2.4324299999999965
2023-07-31,75.35977,69.21681000000001,72.93318000000001,0.784227741935484,0.9677999282641124,2.4265899999999903
2023-08-01,74.90933,67.13393,72.49724,0.7795402150537635,0.9677998721921556,2.412089999999992
2023-08-02,75.38467,70.30366000000001,72.9573,0.7844870967741936,0.9678002172059651,2.4273699999999963
2023-08-03,78.19957,72.24851000000001,75.68156,0.8137802150537635,0.9678002065740261,2.5180099999999896
2023-08-04,75.64974000000001,70.22139,73.2138,0.7872451612903226,0.9677997571439109,2.435940000000002
2023-08-05,76.47014,67.77746,74.00782,0.7957830107526881,0.9678002420291109,2.4623200000000054
2023-08-06,78.42228,72.31434,75.8898,0.8160193548387096,0.9677071362883098,2.5324800000000067
2023-08-07,79.32665,71.57475000000001,76.77234,0.8255090322580645,0.9678001024876255,2.554310000000001
2023-08-08,74.70593,71.33846,72.30042,0.777423870967742,0.9678002803793488,2.4055099999999925
2023-08-09,77.45529,69.74463,74.96122,0.8060346236559139,0.9677998752570676,2.494070000000008
2023-08-10,78.38966,72.82316,72.7091,0.7818182795698926,0.9275343202151917,5.68056
2023-08-11,75.318,68.6789,72.89275,0.7837930107526883,0.9677998619187977,2.4252499999999912
2023-08-12,77.4499,72.66157,74.95601,0.8059786021505377,0.9677999584247365,2.4938899999999933
2023-08-13,71.41128,66.73364000000001,69.11184,0.7431380645161291,0.967800045034902,2.299440000000004
2023-08-14,44.231700000000004,37.27123,42.80744,0.4602950537634409,0.9678000167300826,1.4242600000000039
2023-08-15,81.30079,73.24559,78.68291,0.8460527956989248,0.9678000668874189,2.6178799999999995
2023-08-16,75.25418,72.35277,72.83098,0.783128817204301,0.9677997953070513,2.4232000000000085
2023-08-17,80.98268,73.25997,78.37502,0.8427421505376345,0.967799781385353,2.6076599999999956
2023-08-18,79.80459,74.35465,77.23487,0.8304824731182796,0.9677998471015263,2.569720000000004
2023-08-19,81.38472,75.38294,78.76414,0.8469262365591398,0.9678000981019532,2.620580000000004
2023-08-20,74.08249,73.18044,71.69704,0.7709359139784946,0.9678000833935252,2.385450000000006
2023-08-21,71.02443,64.66976,68.73745,0.7391123655913978,0.9678000935734367,2.28698
2023-08-22,74.72256,40.24932,72.31648,0.777596559139785,0.9677998184216386,2.406080000000003
2023-08-23,80.04234,76.49001,77.46497000000001,0.8329566666666668,0.967799916893984,2.5773699999999877
2023-08-24,79.99723,73.02238,77.4213,0.8324870967741935,0.9677997600666923,2.5759299999999996
2023-08-25,81.01299,76.57582,78.40438,0.8430578494623656,0.9678001021811441,2.6086099999999988
2023-08-26,79.19362,72.42536,76.65852,0.8242851612903226,0.9679885829186745,2.5351
2023-08-27,80.90775000000001,76.67856,78.30252,0.8419625806451613,0.96779999443811,2.605230000000006
2023-08-28,82.58669,76.64796,79.9274,0.8594344086021506,0.967800017169837,2.6592899999999986
2023-08-29,80.74291,75.12128,78.14299,0.8402472043010752,0.9678000210792502,2.5999199999999973
2023-08-30,80.76291,73.99725,78.16235,0.8404553763440861,0.9678000706017156,2.6005600000000015
2023-08-31,76.05012,66.83626,73.60132,0.7914120430107527,0.96780018230083,2.4488000000000056
2023-09-01,79.67155,75.3893,77.10613000000001,0.8290981720430108,0.9678000490764898,2.565419999999989
2023-09-02,81.78447,74.68959,79.151,0.8510860215053763,0.9677998769203981,2.6334700000000026
2023-09-03,77.63376,71.88088,75.13396,0.8078920430107527,0.9678000910943899,2.4997999999999934
2023-09-04,78.73191,69.96249,76.19676,0.8193199999999999,0.9678002222986842,2.5351500000000016
2023-09-05,72.91645,69.4431,70.56856,0.7588017204301076,0.9678002700350882,2.3478899999999925
2023-09-06,72.15541,69.3925,69.78949,0.750424623655914,0.9672107746321447,2.3659200000000027
2023-09-07,79.94152,73.34693,77.36739,0.8319074193548387,0.9677998366806135,2.5741299999999967
2023-09-08,79.72615,74.78839,77.15896000000001,0.8296662365591398,0.9677999000327998,2.5671899999999965
2023-09-09,80.97268,73.8497,78.36537,0.8426383870967742,0.9678001271539981,2.6073099999999982
2023-09-10,79.25835000000001,73.31837,76.70624000000001,0.8247982795698926,0.9678001119124988,2.552109999999999
2023-09-11,81.0845,74.25087,78.47358,0.843801935483871,0.9678000110995318,2.6109200000000072
2023-09-12,78.22315,72.95542,75.70438,0.8140255913978495,0.967800197256183,2.5187700000000035
2023-09-13,75.06885,69.4392,72.65165,0.7812005376344087,0.9678002260591444,2.417199999999994
2023-09-14,73.49009,67.62887,71.12368000000001,0.7647707526881721,0.9677996040010294,2.3664099999999877
2023-09-15,81.24279,73.38949,78.6268,0.8454494623655914,0.9678003426519449,2.6159899999999965
2023-09-16,33.804990000000004,28.11192,32.71646,0.35178989247311826,0.9677997242418943,1.0885300000000058
2023-09-17,80.36937,75.9944,77.78149,0.8363601075268817,0.967800170637147,2.5878799999999984
2023-09-18,79.80947,73.47138,77.23962,0.8305335483870968,0.9678001871206512,2.5698500000000024
2023-09-19,78.83673,71.25389,76.29818,0.8204105376344086,0.9677999074796735,2.5385500000000008
2023-09-20,76.29981,71.56589,73.84295,0.7940102150537635,0.9677999198163142,2.456859999999992
2023-09-21,82.10567,74.54247000000001,79.46189,0.8544289247311828,0.9678002749383812,2.6437800000000067
2023-09-22,80.40589,73.57351,77.81682,0.83674,0.9677999957465804,2.5890699999999924
2023-09-23,79.15168,70.96427,76.60298,0.8236879569892473,0.9677997990693312,2.5486999999999966
2023-09-24,76.15263,67.11553,73.70053,0.7924788172043011,0.9678001928495443,2.4521000000000015
2023-09-25,62.68426,59.13067,60.665820000000004,0.6523206451612904,0.9677998910731339,2.0184399999999982
2023-09-26,73.58439,68.88596,71.2103,0.7657021505376345,0.9677364995483417,2.3740899999999954
2023-09-27,73.91929,65.3916,71.5391,0.7692376344086022,0.9678001506778542,2.380189999999999
2023-09-28,100.82248,67.26799,97.57602,1.0492045161290322,0.967800236613898,3.246459999999999
2023-09-29,73.29673,64.03459000000001,70.93655,0.7627586021505376,0.967799654909571,2.3601799999999997
2023-09-30,68.53932,62.50019,66.33234,0.7132509677419355,0.9677997972550647,2.2069800000000015
2023-10-01,77.53088,71.16281000000001,75.03442,0.8068217204301075,0.9678004428686996,2.496459999999999
2023-10-02,76.93462,73.09706,74.45733,0.8006164516129032,0.967800061922708,2.4772899999999964
2023-10-03,78.44181,70.88132,75.91601,0.816301182795699,0.9678003350509122,2.525800000000004
2023-10-04,79.68773,71.38435,77.12177,0.8292663440860215,0.9677998105856447,2.565960000000004
2023-10-05,76.56689,69.44848,74.10141,0.7967893548387097,0.9677996585730464,2.4654799999999994
2023-10-06,76.65516000000001,70.40774,74.20622,0.7979163440860215,0.9680525094462002,2.4489400000000074
2023-10-07,78.11161,73.21406,75.59645,0.8128650537634409,0.9678004332518559,2.5151599999999945
2023-10-08,40.26931,37.01165,38.97262,0.41906043010752686,0.9677995475959236,1.2966899999999981
2023-10-09,0.0,0.0,0.0,0.0,,0.0
2023-10-10,108.56466,96.6277,105.06889000000001,1.1297730107526882,0.967800111012184,3.495769999999993
2023-10-11,37.1022,30.27765,35.9075,0.3861021505376344,0.9677997531143705,1.1947000000000045
2023-10-12,74.26368000000001,68.96912,71.87241,0.7728216129032258,0.967800275989555,2.391270000000006
2023-10-13,74.3373,70.23848,71.94363,0.7735874193548387,0.9677998797373593,2.39367
2023-10-14,81.98135,75.165,79.34156,0.8531350537634409,0.9678001155140772,2.639790000000005
2023-10-15,76.28653,69.97402,73.8301,0.7938720430107528,0.9677999510529579,2.4564299999999974
2023-10-16,81.06632,77.51349,78.45597000000001,0.8436125806451614,0.9677998211834459,2.610349999999997
2023-10-17,77.31357,73.84786,74.82407,0.8045598924731183,0.9677999606020005,2.4894999999999925
2023-10-18,71.44966000000001,67.34469,69.14898,0.7435374193548386,0.967799986731917,2.300680000000014
2023-10-19,81.26879,74.63477,78.65193000000001,0.8457196774193549,0.9677999389433509,2.6168599999999884
2023-10-20,81.38225,78.01131,78.76173,0.8469003225806452,0.9677998580771606,2.620519999999999
2023-10-21,81.73765,75.86094,79.10569,0.8505988172043011,0.967799906163194,2.6319600000000065
2023-10-22,78.12997,73.05265,75.61417,0.8130555913978494,0.9677998084473858,2.5157999999999987
2023-10-23,111.33686,75.84439,107.75181,1.1586216129032259,0.9677999720847167,3.5850499999999954
2023-10-24,81.41908000000001,74.12006,78.79738,0.8472836559139786,0.9677999309252818,2.621700000000004
2023-10-25,79.31747,72.67526000000001,76.76346000000001,0.8254135483870969,0.9678001580231947,2.554009999999991
2023-10-26,73.97038,73.48184,71.60065,0.7698994623655914,0.9679637984825817,2.369730000000004
2023-10-27,34.60454,33.6736,33.49027,0.3601104301075269,0.967799889841044,1.1142699999999977
2023-10-28,38.88587,37.20509,37.63376,0.4046640860215054,0.9678003861042586,1.2521099999999947
2023-10-29,47.34874,42.34632,45.82412,0.49273247311827956,0.967800199118287,1.5246199999999988
2023-10-30,42.15886,37.69574,40.80135,0.4387241935483871,0.9678001255252159,1.3575099999999978
2023-10-31,62.449360000000006,58.17513,60.43849,0.6498762365591398,0.9677999902641116,2.010870000000004
2023-11-01,45.16096,36.0152,43.70676,0.4699651612903226,0.9677996216200896,1.4542000000000002
2023-11-02,66.44023,61.40414,64.30088,0.691407311827957,0.9678003823888028,2.139349999999993
2023-11-03,67.47537,53.621320000000004,65.30268,0.7021793548387096,0.9678002506692441,2.172690000000003
2023-11-04,68.21696,63.45977,66.02036,0.7098963440860214,0.9677997964142641,2.1966000000000037
2023-11-05,79.90398,72.40795,77.33109,0.8315170967741936,0.9678002272227241,2.572890000000001
2023-11-06,67.39383000000001,61.93804,65.21643,0.701251935483871,0.9676914043911734,2.1774000000000058
2023-11-07,80.38026,74.42016,77.79199,0.8364730107526882,0.9677996811655,2.5882700000000085
2023-11-08,55.54948,51.75345,53.76077,0.5780727956989248,0.9677996985750361,1.7887100000000018
2023-11-09,3.4120500000000002,2.77632,3.30218,0.03550731182795699,0.9677994167729077,0.10987000000000036
2023-11-10,78.15354,72.69478000000001,75.63697,0.8133007526881721,0.9677996671679875,2.5165700000000015
2023-11-11,210.94251,141.10347000000002,204.15016,2.195163010752688,0.9677999944155401,6.792349999999999
2023-11-12,67.38204,62.61412,65.21234,0.7012079569892473,0.9678000250511857,2.169700000000006
2023-11-13,75.02455,65.30229,72.60875,0.780739247311828,0.9677998735080716,2.4158000000000044
2023-11-14,75.49351,68.72625000000001,73.06263,0.7856196774193548,0.9678001459993051,2.430880000000002
2023-11-15,77.99367000000001,73.32581,75.48228,0.8116374193548388,0.9678000791602702,2.511390000000006
2023-11-16,83.06718000000001,74.35884,80.39242,0.864434623655914,0.9678000384748825,2.6747600000000062
2023-11-17,78.07315,74.9254,75.55918,0.8124643010752688,0.9677998133801441,2.5139700000000005
2023-11-18,75.99186,70.06303,73.54493,0.7908056989247311,0.9678001038532283,2.446930000000009
2023-11-19,74.28165,75.74982,71.88978,0.7730083870967742,0.9677999882878208,2.3918699999999973
2023-11-20,75.98006,69.40401,73.53348,0.7906825806451613,0.9677997095553755,2.4465799999999973
2023-11-21,83.27693000000001,76.57343,80.59542,0.8666174193548387,0.9678000858100797,2.681510000000003
2023-11-22,72.59862,68.97612000000001,70.26092,0.7554937634408602,0.96779966340958,2.337699999999998
2023-11-23,82.61289000000001,75.70292,79.95276,0.8597070967741935,0.9678000612253123,2.6601300000000094
2023-11-24,77.5882,70.58256,75.08989,0.8074181720430107,0.9678003871722761,2.4983100000000036
2023-11-25,68.05093,64.39916,65.85969,0.7081687096774194,0.9677999992064767,2.1912399999999934
2023-11-26,82.84267,73.95735,80.17532,0.8621002150537634,0.9678022207637682,2.667349999999999
2023-11-27,77.32373,70.13399,74.83393,0.8046659139784945,0.9678003117542312,2.4898000000000025
2023-11-28,78.37248,70.90619000000001,75.84891,0.8155796774193549,0.9678003043925624,2.5235699999999923
2023-11-29,78.35851,75.15438,75.83537,0.8154340860215054,0.9678000513281838,2.523139999999998
2023-11-30,83.64605,75.60161000000001,80.95265,0.8704586021505377,0.9678000335939354,2.693399999999997
2023-12-01,77.41378,72.53264,74.92107,0.8056029032258064,0.9678001771777582,2.4927100000000024
2023-12-02,72.74351,66.77863,69.95477,0.7522018279569892,0.9616633841287009,2.788740000000004
2023-12-03,81.4716,76.67398,78.84822,0.8478303225806452,0.9678000677536712,2.6233799999999974
2023-12-04,43.29004,36.42828,41.89611,0.4504958064516129,0.9678002145528164,1.3939299999999974
2023-12-05,83.67163000000001,76.10362,80.9774,0.8707247311827957,0.9677999580024913,2.6942300000000046
2023-12-06,79.51350000000001,72.86791000000001,76.95015000000001,0.8274209677419355,0.9677620781376748,2.56335
2023-12-07,82.8523,71.7733,80.18448000000001,0.8621987096774194,0.9678002903962836,2.667819999999992
2023-12-08,77.36485,95.31549,74.87374,0.8050939784946236,0.967800493376514,2.491110000000006
2023-12-09,82.50605,75.89373,79.84935,0.8585951612903225,0.967799937095522,2.6567000000000007
2023-12-10,82.20763,78.31354,79.56053,0.8554895698924732,0.9677998258799093,2.6470999999999947
2023-12-11,82.41835,75.06404,79.76448,0.8576825806451613,0.9678000105559017,2.6538699999999977
2023-12-12,82.38874,73.74162,79.73582,0.8573744086021505,0.9677999687821419,2.6529199999999946
2023-12-13,77.03605,71.39248,74.55553,0.8016723655913979,0.9678005297519797,2.4805199999999985
2023-12-14,82.65636,75.03747,79.99485,0.8601596774193548,0.9678002999406216,2.661510000000007
2023-12-15,79.85675,72.24914,77.28539,0.8310256989247312,0.9678003424882681,2.5713599999999985
2023-12-16,84.00888,77.16098,81.3038,0.8742344086021505,0.9678000706591968,2.7050800000000095
2023-12-17,84.04288,77.55916,81.33674,0.8745886021505377,0.9678004847049507,2.7061399999999907
2023-12-18,27.84209,76.78783,26.94558,0.2897374193548387,0.9678001902874389,0.8965099999999993
2023-12-19,24.42022,75.00935,23.63388,0.2541277419354839,0.9677996348927241,0.7863399999999992
2023-12-20,82.86494,74.61537,80.1967,0.8623301075268818,0.9678001335667413,2.6682399999999973
2023-12-21,83.31365,78.50405,80.63094,0.8669993548387096,0.9677998743303168,2.68271
2023-12-22,83.35658000000001,77.53652,80.67252,0.8674464516129032,0.96780026243879,2.6840600000000023
2023-12-23,83.76553,77.72869,81.06828,0.871701935483871,0.9678000007879136,2.697249999999997
2023-12-24,84.49174000000001,77.75197,81.77113,0.8792594623655914,0.9678002843828284,2.7206100000000077
2023-12-25,84.34392,76.30569,81.62805,0.8777209677419355,0.9678000500806697,2.7158699999999953
2023-12-26,84.74228000000001,75.15425,81.99535,0.8816704301075269,0.9675848938687983,2.746930000000006
2023-12-27,84.85462,79.2645,82.1223,0.8830354838709676,0.9677999854339103,2.7323200000000014
2023-12-28,84.69608,76.52961,81.96888,0.8813858064516129,0.9678001626521558,2.7271999999999963
2023-12-29,84.80357000000001,79.24737,82.07289,0.8825041935483872,0.967799940497788,2.7306800000000067
2023-12-30,84.90842,77.00922,82.17434,0.8835950537634408,0.9677996599159423,2.734080000000006
2023-12-31,84.73781,77.72119,82.00926,0.8818199999999999,0.9678000882958859,2.7285499999999985
2024-01-01,84.68618000000001,76.06829,81.95928,0.8812825806451614,0.9677999409112561,2.7269000000000005
2024-01-02,84.4916,76.78211,81.77097,0.8792577419354839,0.9677999943189619,2.72063
2024-01-03,84.67613,77.33689,81.94956,0.8811780645161291,0.9678000163682493,2.7265699999999953
2024-01-04,0.0,0.0,0.0,0.0,,0.0
2024-01-05,0.0,0.0,0.0,0.0,,0.0
2024-01-06,10.15238,2.7286799999999998,9.82549,0.10565043010752688,0.9678016386305477,0.32689000000000057
2024-01-07,47.80662,44.34793,46.26723,0.4974970967741935,0.9677996478311999,1.5393900000000045
2024-01-08,81.92704,72.79465,79.28897,0.8525695698924732,0.9677997642780699,2.638069999999999
2024-01-09,85.93373,76.91316,83.1667,0.8942655913978496,0.9678004201609777,2.767029999999991
2024-01-10,85.99806,80.55674,83.22891,0.8949345161290323,0.9677998550199853,2.7691499999999962
2024-01-11,86.06022,81.85554,83.28909,0.8955816129032258,0.9678001055539946,2.7711299999999994
2024-01-12,86.42308,78.2474,83.64024,0.8993574193548388,0.96779980532978,2.782839999999993
2024-01-13,86.20678,78.1543,83.43092,0.8971066666666667,0.9677999804655737,2.7758599999999944
2024-01-14,86.25456,77.02337,83.47718,0.8976040860215054,0.9678001951433061,2.7773799999999937
2024-01-15,85.89429,78.13837000000001,83.12849,0.8938547311827957,0.9677999550377563,2.7657999999999987
2024-01-16,85.89177000000001,79.31601,83.12602,0.8938281720430107,0.9677995924405794,2.7657500000000113
2024-01-17,85.59977,76.19606,82.84344,0.8907896774193549,0.967799796658332,2.7563300000000055
2024-01-18,84.74367,76.49969,82.01495,0.8818811827956989,0.967800308860827,2.7287199999999956
2024-01-19,84.64083000000001,78.65393,81.91539,0.8808106451612904,0.9677999376896469,2.725440000000006
2024-01-20,78.06129,68.64139,75.54769,0.8123407526881721,0.9677996610099577,2.5135999999999967
2024-01-21,84.65547000000001,78.00067,81.92954,0.8809627956989248,0.967799718080828,2.7259300000000053
2024-01-22,82.36896,75.72806,79.71667000000001,0.857168494623656,0.9677998848109775,2.6522899999999936
2024-01-23,74.58824,63.921260000000004,72.18652,0.7761991397849463,0.9678002859431997,2.4017199999999974
2024-01-24,58.6563,53.93262,56.76755,0.6104037634408602,0.967799707789274,1.8887500000000017
2024-01-25,58.72319,51.5538,56.83233,0.6111003225806452,0.9678004549820948,1.8908600000000035
2024-01-26,83.49167,72.96559,80.80325,0.8688521505376344,0.9678001410200563,2.6884199999999936
2024-01-27,60.1338,52.20086,58.19746,0.6257791397849463,0.9677994738400034,1.9363400000000013
2024-01-28,85.46488000000001,77.39062,82.71291000000001,0.8893861290322581,0.9677999898905842,2.75197
2024-01-29,85.60904000000001,76.56155,82.85241,0.8908861290322582,0.9677997790887505,2.7566300000000012
2024-01-30,80.1649,73.22161,77.58358,0.8342320430107527,0.967799872512783,2.581320000000005
2024-01-31,85.61112,80.44903000000001,82.85444,0.8909079569892473,0.9677999773861152,2.756680000000003
2024-02-01,85.94497,76.27488,83.17755,0.8943822580645161,0.96780009347842,2.7674200000000013
2024-02-02,86.11972,78.10854,83.34666,0.8962006451612903,0.9677999417555003,2.773060000000001
2024-02-03,86.2656,78.56375,83.48785,0.897718817204301,0.9678000268936864,2.7777500000000117
2024-02-04,85.08877,77.40737,82.34892,0.8854722580645162,0.967800098649916,2.73984999999999
2024-02-05,78.36713,70.79236,75.84372,0.815523870967742,0.9678001478425968,2.5234099999999984
2024-02-06,87.2783,79.21437,84.46794,0.9082574193548387,0.9678000144365781,2.810360000000003
2024-02-07,60.39517,88.38647,58.450450000000004,0.6284994623655914,0.9678000740787716,1.9447199999999967
2024-02-08,84.78091,77.66956,82.05097,0.882268494623656,0.9678000625376633,2.729939999999999
2024-02-09,116.79469,77.11495000000001,113.03390999999999,1.215418387096774,0.9678000772124142,3.760780000000011
2024-02-10,85.77674,75.2943,83.01472,0.8926313978494623,0.9677998954028796,2.762020000000007
2024-02-11,85.88728,80.13635000000001,83.12172,0.893781935483871,0.9678001212752342,2.765560000000008
2024-02-12,80.30821,71.20268,77.72228,0.835723440860215,0.9677999297954717,2.5859300000000047
2024-02-13,78.59305,72.33479,76.06235,0.8178747311827956,0.9677999517769064,2.53070000000001
2024-02-14,83.94188,73.72625000000001,81.23893,0.8735368817204301,0.96779974429927,2.7029500000000013
2024-02-15,84.31992,77.45256,81.60482,0.8774711827956989,0.9678000168880616,2.7150999999999925
2024-02-16,78.72853,70.51764,76.19348000000001,0.8192847311827958,0.9678001100744547,2.5350499999999982
2024-02-17,86.34166,76.34989,83.56146,0.8985103225806451,0.9678000168169107,2.7802000000000078
2024-02-18,85.98075,79.04121,83.21216,0.8947544086021505,0.9677998854394734,2.768590000000003
2024-02-19,85.80918,76.78947,83.04615,0.8929693548387097,0.9678002982897634,2.7630300000000005
2024-02-20,85.72306,76.77396,82.96278000000001,0.8920729032258066,0.9678000295369764,2.7602799999999945
2024-02-21,78.91541000000001,70.83114,76.37431000000001,0.8212291397849463,0.9677996984365917,2.5411
2024-02-22,80.87155,72.40841,78.26749,0.8415859139784946,0.9678000483482757,2.604060000000004
2024-02-23,85.01697,75.25572,82.27945,0.8847252688172043,0.9678003109261598,2.7375200000000035
2024-02-24,78.04653,69.85824,75.53344,0.8121875268817205,0.9678001059111788,2.5130900000000054
2024-02-25,85.47884,79.67873,82.72642,0.8895313978494624,0.9677999841832201,2.7524200000000008
2024-02-26,85.13157,75.71111,82.39032,0.8859174193548387,0.9677998420562431,2.7412499999999937
2024-02-27,84.09748,75.96481,81.38954,0.8751563440860215,0.9677999863967386,2.707940000000008
2024-02-28,84.28936,74.71132,81.57525,0.8771532258064516,0.9678000876979016,2.714110000000005
2024-02-29,84.21518,75.92537,81.50343,0.8763809677419354,0.9677997482164141,2.711750000000009
2024-03-01,83.94253,75.68156,81.23958,0.873543870967742,0.9677999936385048,2.7029500000000013
2024-03-02,82.15533,70.37135,79.50994,0.8549455913978494,0.9678001415124252,2.645390000000006
2024-03-03,80.39113,73.88022000000001,77.80254000000001,0.8365864516129033,0.9678000545582579,2.5885899999999964
2024-03-04,115.13794,75.53571,111.43050000000001,1.198177419354839,0.9678000144869711,3.707439999999991
2024-03-05,84.44664,73.7217,81.72746000000001,0.8787898924731183,0.9678000214099697,2.7191799999999944
2024-03-06,84.01476,74.82157000000001,81.30951,0.874295806451613,0.9678003008042874,2.7052499999999924
2024-03-07,76.97929,65.27719,74.50057,0.8010813978494623,0.9678001706692799,2.47872000000001
2024-03-08,83.11225,72.91718,80.43601,0.8649033333333332,0.9677996925844264,2.676240000000007
2024-03-09,85.73545,76.17297,82.97477,0.8922018279569893,0.9678000173790422,2.7606799999999936
2024-03-10,85.38675,77.29575,82.63728,0.8885729032258065,0.9677998050048748,2.7494700000000023
2024-03-11,85.29468,71.561991,82.54819,0.8876149462365592,0.967799984711825,2.7464899999999943
2024-03-12,85.08552,77.80523000000001,82.34576,0.8854382795698924,0.9677999264739758,2.739760000000004
2024-03-13,84.76314,74.63817,82.03377,0.8820835483870968,0.9678000366668813,2.729370000000003
2024-03-14,84.34896,76.39216,81.63293,0.877773440860215,0.9678000772030858,2.7160300000000035
2024-03-15,84.35027,76.66163,81.6342,0.8777870967741936,0.9678001030702097,2.7160699999999878
2024-03-16,84.74497000000001,72.14538,82.0162,0.881894623655914,0.9678002128031904,2.7287700000000115
2024-03-17,84.41016,78.8464,81.69214000000001,0.8784101075268819,0.9677998477908347,2.7180199999999957
2024-03-18,84.19442,73.28959,81.48338,0.876165376344086,0.9678002413936696,2.711039999999997
2024-03-19,84.2527,72.45516,81.53975,0.8767715053763441,0.9677998449901308,2.7129500000000064
2024-03-20,84.10085000000001,78.64582,81.39282,0.8751916129032258,0.967800206537746,2.708030000000008
2024-03-21,83.89687,74.62779,81.1954,0.8730688172043012,0.967800109825313,2.7014700000000005
2024-03-22,84.01416,69.814324,81.30887,0.8742889247311828,0.9677995947349827,2.705290000000005
2024-03-23,83.80536000000001,75.60049000000001,81.10684,0.872116559139785,0.9678001502529193,2.698520000000002
2024-03-24,83.86319,74.18633,81.1628,0.8727182795698926,0.967800056258294,2.7003899999999987
2024-03-25,81.16473,75.0864,78.55123,0.8446368817204302,0.9678000530526005,2.613500000000002
2024-03-26,83.25752,71.71917,80.57661,0.8664151612903226,0.9677997855328865,2.6809099999999972
2024-03-27,78.16873,68.18742,75.6517,0.8134591397849463,0.967800039734559,2.517029999999991
2024-03-28,83.85397,70.95078,81.15388,0.8726223655913978,0.9678000934243185,2.700090000000003
2024-03-29,80.80392,72.72243,78.20203000000001,0.8408820430107528,0.9677999532695939,2.6018899999999974
2024-03-30,83.84230000000001,74.24645,81.14257,0.8725007526881721,0.9677999052983994,2.6997300000000024
2024-03-31,83.79088,78.24659,81.09282,0.8719658064516129,0.9678000756168214,2.698059999999998
2024-04-01,83.73537,74.9624,81.03909,0.871388064516129,0.9677999870305702,2.6962800000000016
2024-04-02,81.51277,72.24575,78.88807,0.8482588172043011,0.9678001373281756,2.6247000000000043
2024-04-03,83.37695000000001,76.93569000000001,80.6922,0.867658064516129,0.9677998535566483,2.684750000000008
2024-04-04,84.22624,74.59013,81.51417000000001,0.8764964516129033,0.9678001772369276,2.712069999999997
2024-04-05,57.97112,48.82702,56.10445,0.6032736559139785,0.967800001103998,1.8666699999999992
2024-04-06,59.35074,48.61768,57.43967,0.6176308602150538,0.9678004014777237,1.9110700000000023
2024-04-07,54.73818,48.66655,52.97561,0.5696302150537634,0.9677999889656543,1.7625699999999966
2024-04-08,49.93795,40.46009,48.32996,0.5196769892473119,0.9678002400979615,1.607990000000001
2024-04-09,83.61955,76.71396,80.92701,0.8701829032258064,0.9678001137293849,2.692540000000008
2024-04-10,83.87615,74.0665,81.17534,0.8728531182795699,0.9678000242023509,2.70080999999999
2024-04-11,83.83559,75.40762,81.13608,0.8724309677419355,0.9677999522637105,2.6995099999999894
2024-04-12,83.87092,76.92666,81.17026,0.8727984946236559,0.9677998047475812,2.700659999999999
2024-04-13,83.96278000000001,75.79852,81.25917,0.8737545161290322,0.9677998989552274,2.703610000000012
2024-04-14,83.91166,75.76104,81.20969,0.8732224731182795,0.9677998266271933,2.701970000000003
2024-04-15,84.03971,73.81681999999999,81.33361000000001,0.8745549462365593,0.9677997460962205,2.706099999999992
2024-04-16,81.60852,70.10183,78.98071,0.8492549462365592,0.9677998081572856,2.6278099999999966
2024-04-17,85.52259000000001,78.91911,82.76876,0.8899866666666667,0.9677999695752899,2.7538300000000078
2024-04-18,117.5193,78.3029,113.73518,1.2229589247311827,0.9678000124234912,3.7841200000000015
2024-04-19,85.23462,77.71015,82.49005,0.8869897849462365,0.9677998212463432,2.74457000000001
2024-04-20,59.12653,45.7185,57.222660000000005,0.6152974193548387,0.9678000721503528,1.9038699999999977
2024-04-21,83.87191,79.58416,81.17124,0.8728090322580645,0.9678000656000322,2.7006700000000023
2024-04-22,83.49869,69.86119000000001,80.81003,0.8689250537634409,0.9677999738678535,2.6886599999999987
2024-04-23,83.36527,79.007,80.68093,0.8675368817204302,0.9678002602282703,2.6843399999999917
2024-04-24,114.32957,75.30867,110.64814999999999,1.1897650537634408,0.9677999313738342,3.681420000000017
2024-04-25,82.84295,75.69256,80.1754,0.8621010752688172,0.9677999153820572,2.6675500000000056
2024-04-26,83.43311,78.86056,80.74655,0.8682424731182795,0.9677998339028714,2.68656
2024-04-27,82.82522,77.21799,80.15824,0.861916559139785,0.9677999044252463,2.6669799999999952
2024-04-28,83.01789000000001,82.59363,80.34473,0.8639218279569892,0.9678001934281875,2.67316000000001
2024-04-29,83.21604,75.75375,80.53646,0.8659834408602151,0.9677997174583169,2.6795800000000014
2024-04-30,84.00045,104.03972,81.29562,0.8741464516129033,0.967799815358132,2.704830000000001
