DateTime,id,AQI
2021-06-06,ID001,49.44827586206897
2021-06-13,ID001,159.0
2021-06-20,ID001,159.0
2021-06-27,ID001,159.0
2021-07-04,ID001,159.0
2021-07-11,ID001,159.0
2021-07-18,ID001,159.0
2021-07-25,ID001,159.0
2021-08-01,ID001,159.0
2021-08-08,ID001,159.0
2021-08-15,ID001,159.0
2021-08-22,ID001,159.0
2021-08-29,ID001,159.0
2021-09-05,ID001,159.0
2021-09-12,ID001,159.0
2021-09-19,ID001,159.0
2021-09-26,ID001,159.0
2021-10-03,ID001,159.0
2021-10-10,ID001,159.0
2021-10-17,ID001,159.0
2021-10-24,ID001,159.0
2021-10-31,ID001,159.0
2021-11-07,ID001,159.0
2021-11-14,ID001,159.0
2021-11-21,ID001,159.0
2021-11-28,ID001,159.0
2021-12-05,ID001,159.0
2021-12-12,ID001,159.0
2021-12-19,ID001,159.0
2021-12-26,ID001,159.0
2022-01-02,ID001,159.0
2022-01-09,ID001,159.0
2022-01-16,ID001,159.0
2022-01-23,ID001,159.0
2022-01-30,ID001,159.0
2022-02-06,ID001,159.0
2022-02-13,ID001,159.0
2022-02-20,ID001,159.0
2022-02-27,ID001,159.0
2022-03-06,ID001,159.0
2022-03-13,ID001,159.0
2022-03-20,ID001,159.0
2022-03-27,ID001,159.0
2022-04-03,ID001,218.22058823529412
2022-04-10,ID001,209.25
2022-04-17,ID001,215.51569506726457
2022-04-24,ID001,210.58256880733944
2022-05-01,ID001,214.0897435897436
2022-05-08,ID001,210.92890995260663
2022-05-15,ID001,208.13059701492537
2022-05-22,ID001,131.02173913043478
2022-05-29,ID001,28.877934272300468
2022-06-05,ID001,36.63228699551569
2022-06-12,ID001,22.666666666666668
2022-06-19,ID001,20.846153846153847
2022-06-26,ID001,27.536231884057973
2022-07-03,ID001,30.0
2022-07-10,ID001,30.0
2022-07-17,ID001,30.0
2022-07-24,ID001,30.0
2022-07-31,ID001,43.86486486486486
2022-08-07,ID001,41.42696629213483
2022-08-14,ID001,22.716621253405993
2022-08-21,ID001,27.61627906976744
2022-08-28,ID001,33.21568627450981
2022-09-04,ID001,46.976190476190474
2022-09-11,ID001,39.62222222222222
2022-09-18,ID001,29.182608695652174
2022-09-25,ID001,49.30714285714286
2022-10-02,ID001,59.0
2022-10-09,ID001,59.0
2022-10-16,ID001,59.0
2021-06-06,ID003,235.2
2021-06-13,ID003,169.0
2021-06-20,ID003,169.0
2021-06-27,ID003,169.0
2021-07-04,ID003,169.0
2021-07-11,ID003,169.0
2021-07-18,ID003,169.0
2021-07-25,ID003,169.0
2021-08-01,ID003,169.0
2021-08-08,ID003,169.0
2021-08-15,ID003,169.0
2021-08-22,ID003,169.0
2021-08-29,ID003,169.0
2021-09-05,ID003,169.0
2021-09-12,ID003,169.0
2021-09-19,ID003,169.0
2021-09-26,ID003,169.0
2021-10-03,ID003,169.0
2021-10-10,ID003,169.0
2021-10-17,ID003,169.0
2021-10-24,ID003,169.0
2021-10-31,ID003,169.0
2021-11-07,ID003,169.0
2021-11-14,ID003,169.0
2021-11-21,ID003,169.0
2021-11-28,ID003,169.0
2021-12-05,ID003,169.0
2021-12-12,ID003,169.0
2021-12-19,ID003,169.0
2021-12-26,ID003,169.0
2022-01-02,ID003,169.0
2022-01-09,ID003,169.0
2022-01-16,ID003,169.0
2022-01-23,ID003,169.0
2022-01-30,ID003,169.0
2022-02-06,ID003,169.0
2022-02-13,ID003,169.0
2022-02-20,ID003,169.0
2022-02-27,ID003,169.0
2022-03-06,ID003,169.0
2022-03-13,ID003,169.0
2022-03-20,ID003,169.0
2022-03-27,ID003,169.0
2022-04-03,ID003,169.0
2022-04-10,ID003,169.0
2022-04-17,ID003,169.0
2022-04-24,ID003,169.0
2022-05-01,ID003,169.0
2022-05-08,ID003,169.0
2022-05-15,ID003,169.0
2022-05-22,ID003,169.0
2022-05-29,ID003,169.0
2022-06-05,ID003,169.0
2022-06-12,ID003,169.0
2022-06-19,ID003,169.0
2022-06-26,ID003,169.0
2022-07-03,ID003,169.0
2022-07-10,ID003,169.0
2022-07-17,ID003,169.0
2022-07-24,ID003,169.0
2022-07-31,ID003,169.0
2022-08-07,ID003,169.0
2022-08-14,ID003,169.0
2022-08-21,ID003,169.0
2022-08-28,ID003,169.0
2022-09-04,ID003,169.0
2022-09-11,ID003,169.0
2022-09-18,ID003,169.0
2022-09-25,ID003,169.0
2022-10-02,ID003,169.0
2022-10-09,ID003,169.0
2022-10-16,ID003,169.0
2021-06-06,ID004,159.0
2021-06-13,ID004,159.0
2021-06-20,ID004,159.0
2021-06-27,ID004,228.0
2021-07-04,ID004,366.0
2021-07-11,ID004,366.0
2021-07-18,ID004,366.0
2021-07-25,ID004,365.85714285714283
2021-08-01,ID004,366.0
2021-08-08,ID004,366.0
2021-08-15,ID004,114.31818181818181
2021-08-22,ID004,38.04545454545455
2021-08-29,ID004,33.0
2021-09-05,ID004,34.4
2021-09-12,ID004,35.0
2021-09-19,ID004,37.5625
2021-09-26,ID004,34.75
2021-10-03,ID004,40.0
2021-10-10,ID004,36.5
2021-10-17,ID004,201.20689655172413
2021-10-24,ID004,125.546875
2021-10-31,ID004,162.25409836065575
2021-11-07,ID004,226.0
2021-11-14,ID004,240.76
2021-11-21,ID004,136.14285714285714
2021-11-28,ID004,203.58823529411765
2021-12-05,ID004,218.82417582417582
2021-12-12,ID004,167.83333333333334
2021-12-19,ID004,35.89473684210526
2021-12-26,ID004,37.63265306122449
2022-01-02,ID004,35.3469387755102
2022-01-09,ID004,34.96296296296296
2022-01-16,ID004,33.0
2022-01-23,ID004,33.0
2022-01-30,ID004,33.0
2022-02-06,ID004,33.0
2022-02-13,ID004,33.0
2022-02-20,ID004,33.0
2022-02-27,ID004,33.005025125628144
2022-03-06,ID004,33.0
2022-03-13,ID004,33.0
2022-03-20,ID004,33.0
2022-03-27,ID004,33.0
2022-04-03,ID004,33.0
2022-04-10,ID004,33.00813008130081
2022-04-17,ID004,33.0
2022-04-24,ID004,33.0
2022-05-01,ID004,33.0
2022-05-08,ID004,33.0
2022-05-15,ID004,33.0
2022-05-22,ID004,33.0
2022-05-29,ID004,33.0
2022-06-05,ID004,33.0
2022-06-12,ID004,33.0
2022-06-19,ID004,33.0
2022-06-26,ID004,33.0
2022-07-03,ID004,33.0
2022-07-10,ID004,33.0
2022-07-17,ID004,33.0
2022-07-24,ID004,33.0
2022-07-31,ID004,33.0
2022-08-07,ID004,33.0
2022-08-14,ID004,33.0
2022-08-21,ID004,33.0
2022-08-28,ID004,33.0
2022-09-04,ID004,33.0
2022-09-11,ID004,33.0
2022-09-18,ID004,33.0
2022-09-25,ID004,33.0
2022-10-02,ID004,33.018181818181816
2022-10-09,ID004,33.0059880239521
2022-10-16,ID004,33.0
2021-10-17,ID005,204.43037974683546
2021-10-24,ID005,186.33858267716536
2021-10-31,ID005,119.808
2021-11-07,ID005,169.24193548387098
2021-11-14,ID005,171.16666666666666
2021-11-21,ID005,113.21551724137932
2021-11-28,ID005,120.17834394904459
2021-12-05,ID005,157.27966101694915
2021-12-12,ID005,130.08333333333334
2021-12-19,ID005,95.25454545454545
2021-12-26,ID005,95.59550561797752
2022-01-02,ID005,99.76760563380282
2022-01-09,ID005,94.95238095238095
2022-01-16,ID005,84.0
2022-01-23,ID005,44.0
2022-01-30,ID005,89.3225806451613
2022-02-06,ID005,78.96875
2022-02-13,ID005,65.0
2022-02-20,ID005,93.89068825910931
2022-02-27,ID005,43.0
2022-03-06,ID005,43.0
2022-03-13,ID005,43.0
2022-03-20,ID005,43.0
2022-03-27,ID005,43.0
2022-04-03,ID005,43.0
2022-04-10,ID005,43.0
2022-04-17,ID005,43.0
2022-04-24,ID005,43.0
2022-05-01,ID005,43.0
2022-05-08,ID005,69.57608695652173
2022-05-15,ID005,84.2491103202847
2022-05-22,ID005,100.0
2022-05-29,ID005,100.0
2022-06-05,ID005,100.0
2022-06-12,ID005,100.0
2022-06-19,ID005,100.0
2022-06-26,ID005,100.0
2022-07-03,ID005,100.0
2022-07-10,ID005,100.0
2022-07-17,ID005,100.0
2022-07-24,ID005,100.0
2022-07-31,ID005,100.0
2022-08-07,ID005,100.0
2022-08-14,ID005,139.01016949152543
2022-08-21,ID005,132.34259259259258
2022-08-28,ID005,148.0
2022-09-04,ID005,148.0
2022-09-11,ID005,141.56637168141592
2022-09-18,ID005,135.434554973822
2022-09-25,ID005,132.46368715083798
2022-10-02,ID005,119.79347826086956
2022-10-09,ID005,116.65942028985508
2022-10-16,ID005,114.34883720930233
2021-06-06,ID006,135.0
2021-06-13,ID006,135.0
2021-06-20,ID006,135.0
2021-06-27,ID006,135.0
2021-07-04,ID006,135.0
2021-07-11,ID006,135.0
2021-07-18,ID006,135.0
2021-07-25,ID006,135.0
2021-08-01,ID006,135.0
2021-08-08,ID006,135.0
2021-08-15,ID006,135.0
2021-08-22,ID006,135.0
2021-08-29,ID006,135.0
2021-09-05,ID006,135.0
2021-09-12,ID006,135.0
2021-09-19,ID006,135.0
2021-09-26,ID006,135.0
2021-10-03,ID006,135.0
2021-10-10,ID006,135.0
2021-10-17,ID006,135.0
2021-10-24,ID006,135.0
2021-10-31,ID006,135.0
2021-11-07,ID006,135.0
2021-11-14,ID006,135.0
2021-11-21,ID006,135.0
2021-11-28,ID006,135.0
2021-12-05,ID006,135.0
2021-12-12,ID006,135.0
2021-12-19,ID006,135.0
2021-12-26,ID006,275.85714285714283
2022-01-02,ID006,252.23972602739727
2022-01-09,ID006,214.04545454545453
2022-01-16,ID006,177.24324324324326
2022-01-23,ID006,75.0
2022-01-30,ID006,63.80612244897959
2022-02-06,ID006,73.625
2022-02-13,ID006,61.0
2022-02-20,ID006,54.05118110236221
2022-02-27,ID006,69.48330058939096
2022-03-06,ID006,63.29764065335753
2022-03-13,ID006,66.03196347031964
2022-03-20,ID006,65.98518518518519
2022-03-27,ID006,61.08661417322835
2022-04-03,ID006,56.056603773584904
2022-04-10,ID006,51.62916666666667
2022-04-17,ID006,51.756218905472636
2022-04-24,ID006,53.309859154929576
2022-05-01,ID006,54.8
2022-05-08,ID006,50.166666666666664
2022-05-15,ID006,46.78
2022-05-22,ID006,48.179282868525895
2022-05-29,ID006,48.06410256410256
2022-06-05,ID006,47.66532258064516
2022-06-12,ID006,50.48529411764706
2022-06-19,ID006,50.75833333333333
2022-06-26,ID006,51.0
2022-07-03,ID006,51.0
2022-07-10,ID006,51.0
2022-07-17,ID006,51.0
2022-07-24,ID006,51.0
2022-07-31,ID006,51.0
2022-08-07,ID006,52.79274611398964
2022-08-14,ID006,50.43604651162791
2022-08-21,ID006,51.569148936170215
2022-08-28,ID006,51.58288770053476
2022-09-04,ID006,53.93181818181818
2022-09-11,ID006,57.925714285714285
2022-09-18,ID006,51.68617021276596
2022-09-25,ID006,51.38709677419355
2022-10-02,ID006,51.826388888888886
2022-10-09,ID006,50.727659574468085
2022-10-16,ID006,56.07142857142857
2021-06-06,ID007,176.72413793103448
2021-06-13,ID007,158.02962962962962
2021-06-20,ID007,157.25757575757575
2021-06-27,ID007,157.91509433962264
2021-07-04,ID007,160.60377358490567
2021-07-11,ID007,158.18539325842696
2021-07-18,ID007,160.206106870229
2021-07-25,ID007,157.4418604651163
2021-08-01,ID007,159.1654135338346
2021-08-08,ID007,160.8235294117647
2021-08-15,ID007,98.92063492063492
2021-08-22,ID007,70.06896551724138
2021-08-29,ID007,70.98347107438016
2021-09-05,ID007,70.375
2021-09-12,ID007,69.19834710743801
2021-09-19,ID007,71.77142857142857
2021-09-26,ID007,75.28070175438596
2021-10-03,ID007,77.04040404040404
2021-10-10,ID007,89.4
2021-10-17,ID007,112.5
2021-10-24,ID007,140.09285714285716
2021-10-31,ID007,143.65413533834587
2021-11-07,ID007,185.07462686567163
2021-11-14,ID007,196.69127516778522
2021-11-21,ID007,96.58333333333333
2021-11-28,ID007,177.26291079812208
2021-12-05,ID007,163.81451612903226
2021-12-12,ID007,101.84027777777777
2021-12-19,ID007,69.82075471698113
2021-12-26,ID007,67.20833333333333
2022-01-02,ID007,70.76612903225806
2022-01-09,ID007,67.9090909090909
2022-01-16,ID007,63.8
2022-01-23,ID007,56.0
2022-01-30,ID007,33.5
2022-02-06,ID007,31.435897435897434
2022-02-13,ID007,31.0
2022-02-20,ID007,33.232283464566926
2022-02-27,ID007,34.63232323232323
2022-03-06,ID007,35.080817916260955
2022-03-13,ID007,36.0
2022-03-20,ID007,36.0
2022-03-27,ID007,36.0
2022-04-03,ID007,36.0
2022-04-10,ID007,36.0
2022-04-17,ID007,36.40112994350282
2022-04-24,ID007,33.68571428571428
2022-05-01,ID007,35.73913043478261
2022-05-08,ID007,33.77894736842105
2022-05-15,ID007,31.186813186813186
2022-05-22,ID007,32.152
2022-05-29,ID007,32.16744186046512
2022-06-05,ID007,31.387931034482758
2022-06-12,ID007,32.29577464788732
2022-06-19,ID007,33.58563535911602
2022-06-26,ID007,34.188976377952756
2022-07-03,ID007,32.89908256880734
2022-07-10,ID007,32.775862068965516
2022-07-17,ID007,31.0
2022-07-24,ID007,31.0
2022-07-31,ID007,31.0
2022-08-07,ID007,31.0
2022-08-14,ID007,31.0
2022-08-21,ID007,31.0
2022-08-28,ID007,31.0
2022-09-04,ID007,31.0
2022-09-11,ID007,31.0
2022-09-18,ID007,31.0
2022-09-25,ID007,31.0
2022-10-02,ID007,31.0
2022-10-09,ID007,31.0
2022-10-16,ID007,31.0
2021-06-06,ID008,135.0
2021-06-13,ID008,135.0
2021-06-20,ID008,135.0
2021-06-27,ID008,188.92592592592592
2021-07-04,ID008,196.70689655172413
2021-07-11,ID008,184.515625
2021-07-18,ID008,191.0
2021-07-25,ID008,186.90384615384616
2021-08-01,ID008,186.02777777777777
2021-08-08,ID008,186.39473684210526
2021-08-15,ID008,102.03478260869565
2021-08-22,ID008,45.716981132075475
2021-08-29,ID008,46.921052631578945
2021-09-05,ID008,44.125
2021-09-12,ID008,46.28448275862069
2021-09-19,ID008,45.77981651376147
2021-09-26,ID008,44.872549019607845
2021-10-03,ID008,89.0
2021-10-10,ID008,138.0
2021-10-17,ID008,138.0
2021-10-24,ID008,138.0
2021-10-31,ID008,138.0
2021-11-07,ID008,138.0
2021-11-14,ID008,138.0
2021-11-21,ID008,138.0
2021-11-28,ID008,138.0
2021-12-05,ID008,138.0
2021-12-12,ID008,181.625
2021-12-19,ID008,125.0
2021-12-26,ID008,183.50537634408602
2022-01-02,ID008,164.13
2022-01-09,ID008,146.3551401869159
2022-01-16,ID008,218.0
2022-01-23,ID008,218.0
2022-01-30,ID008,218.0
2022-02-06,ID008,218.0
2022-02-13,ID008,218.0
2022-02-20,ID008,218.0
2022-02-27,ID008,218.0
2022-03-06,ID008,218.0
2022-03-13,ID008,218.0
2022-03-20,ID008,218.0
2022-03-27,ID008,218.0
2022-04-03,ID008,218.0
2022-04-10,ID008,218.0
2022-04-17,ID008,218.0
2022-04-24,ID008,218.0
2022-05-01,ID008,218.0
2022-05-08,ID008,218.0
2022-05-15,ID008,218.0
2022-05-22,ID008,218.0
2022-05-29,ID008,218.0
2022-06-05,ID008,218.0
2022-06-12,ID008,218.0
2022-06-19,ID008,218.0
2022-06-26,ID008,218.0
2022-07-03,ID008,218.0
2022-07-10,ID008,218.0
2022-07-17,ID008,218.0
2022-07-24,ID008,218.0
2022-07-31,ID008,218.0
2022-08-07,ID008,218.0
2022-08-14,ID008,218.0
2022-08-21,ID008,218.0
2022-08-28,ID008,218.0
2022-09-04,ID008,218.0
2022-09-11,ID008,218.0
2022-09-18,ID008,218.0
2022-09-25,ID008,218.0
2022-10-02,ID008,218.0
2022-10-09,ID008,218.0
2022-10-16,ID008,218.0
2021-06-06,ID009,195.67567567567568
2021-06-13,ID009,197.86131386861314
2021-06-20,ID009,198.44444444444446
2021-06-27,ID009,200.66666666666666
2021-07-04,ID009,219.88888888888889
2021-07-11,ID009,210.84732824427482
2021-07-18,ID009,200.032
2021-07-25,ID009,197.88
2021-08-01,ID009,197.05555555555554
2021-08-08,ID009,198.46491228070175
2021-08-15,ID009,115.94642857142857
2021-08-22,ID009,51.6530612244898
2021-08-29,ID009,54.177083333333336
2021-09-05,ID009,54.1063829787234
2021-09-12,ID009,52.628571428571426
2021-09-19,ID009,74.8
2021-09-26,ID009,70.0
2021-10-03,ID009,46.0
2021-10-10,ID009,67.02
2021-10-17,ID009,95.17171717171718
2021-10-24,ID009,93.80672268907563
2021-10-31,ID009,98.08771929824562
2021-11-07,ID009,99.80357142857143
2021-11-14,ID009,100.05072463768116
2021-11-21,ID009,66.76842105263158
2021-11-28,ID009,89.65789473684211
2021-12-05,ID009,72.01818181818182
2021-12-12,ID009,66.42105263157895
2021-12-19,ID009,50.01086956521739
2021-12-26,ID009,54.29936305732484
2022-01-02,ID009,54.18333333333333
2022-01-09,ID009,51.21311475409836
2022-01-16,ID009,46.0
2022-01-23,ID009,44.0
2022-01-30,ID009,49.674157303370784
2022-02-06,ID009,45.926829268292686
2022-02-13,ID009,52.0
2022-02-20,ID009,50.81900452488688
2022-02-27,ID009,55.0
2022-03-06,ID009,55.0
2022-03-13,ID009,55.0
2022-03-20,ID009,62.04
2022-03-27,ID009,51.25833333333333
2022-04-03,ID009,50.76056338028169
2022-04-10,ID009,49.35655737704918
2022-04-17,ID009,50.600985221674875
2022-04-24,ID009,50.725118483412324
2022-05-01,ID009,48.59183673469388
2022-05-08,ID009,45.0
2022-05-15,ID009,54.743801652892564
2022-05-22,ID009,45.3640350877193
2022-05-29,ID009,24.153846153846153
2022-06-05,ID009,23.904306220095695
2022-06-12,ID009,25.0
2022-06-19,ID009,25.364285714285714
2022-06-26,ID009,26.04385964912281
2022-07-03,ID009,24.807291666666668
2022-07-10,ID009,25.459119496855347
2022-07-17,ID009,24.833333333333332
2022-07-24,ID009,23.43076923076923
2022-07-31,ID009,45.27627627627628
2022-08-07,ID009,44.352059925093634
2022-08-14,ID009,71.81410256410257
2022-08-21,ID009,132.0
2022-08-28,ID009,132.0
2022-09-04,ID009,132.0
2022-09-11,ID009,132.0
2022-09-18,ID009,132.0
2022-09-25,ID009,132.0
2022-10-02,ID009,132.0
2022-10-09,ID009,132.0
2022-10-16,ID009,132.0
2021-06-06,ID010,205.5
2021-06-13,ID010,229.0
2021-06-20,ID010,229.0
2021-06-27,ID010,229.0
2021-07-04,ID010,229.0
2021-07-11,ID010,229.0
2021-07-18,ID010,229.0
2021-07-25,ID010,229.0
2021-08-01,ID010,229.0
2021-08-08,ID010,220.62222222222223
2021-08-15,ID010,145.70063694267515
2021-08-22,ID010,54.44827586206897
2021-08-29,ID010,45.62686567164179
2021-09-05,ID010,43.32692307692308
2021-09-12,ID010,54.411764705882355
2021-09-19,ID010,47.5
2021-09-26,ID010,45.008849557522126
2021-10-03,ID010,55.04237288135593
2021-10-10,ID010,50.4375
2021-10-17,ID010,75.04225352112677
2021-10-24,ID010,63.39370078740158
2021-10-31,ID010,75.60975609756098
2021-11-07,ID010,91.57142857142857
2021-11-14,ID010,102.51724137931035
2021-11-21,ID010,70.31506849315069
2021-11-28,ID010,113.0
2021-12-05,ID010,113.0
2021-12-12,ID010,113.0
2021-12-19,ID010,113.0
2021-12-26,ID010,113.0
2022-01-02,ID010,113.0
2022-01-09,ID010,113.0
2022-01-16,ID010,113.0
2022-01-23,ID010,113.0
2022-01-30,ID010,113.0
2022-02-06,ID010,113.0
2022-02-13,ID010,113.0
2022-02-20,ID010,113.0
2022-02-27,ID010,113.0
2022-03-06,ID010,113.0
2022-03-13,ID010,113.0
2022-03-20,ID010,113.0
2022-03-27,ID010,113.0
2022-04-03,ID010,113.0
2022-04-10,ID010,113.0
2022-04-17,ID010,113.0
2022-04-24,ID010,113.0
2022-05-01,ID010,113.0
2022-05-08,ID010,113.0
2022-05-15,ID010,113.0
2022-05-22,ID010,113.0
2022-05-29,ID010,113.0
2022-06-05,ID010,113.0
2022-06-12,ID010,113.0
2022-06-19,ID010,113.0
2022-06-26,ID010,113.0
2022-07-03,ID010,113.0
2022-07-10,ID010,113.0
2022-07-17,ID010,113.0
2022-07-24,ID010,113.0
2022-07-31,ID010,113.0
2022-08-07,ID010,113.0
2022-08-14,ID010,113.0
2022-08-21,ID010,113.0
2022-08-28,ID010,113.0
2022-09-04,ID010,113.0
2022-09-11,ID010,113.0
2022-09-18,ID010,113.0
2022-09-25,ID010,113.0
2022-10-02,ID010,113.0
2022-10-09,ID010,113.0
2022-10-16,ID010,113.0
2021-06-06,ID011,175.6
2021-06-13,ID011,128.0
2021-06-20,ID011,128.0
2021-06-27,ID011,224.25
2021-07-04,ID011,239.53846153846155
2021-07-11,ID011,96.01818181818182
2021-07-18,ID011,15.09
2021-07-25,ID011,19.78846153846154
2021-08-01,ID011,40.3
2021-08-08,ID011,30.930555555555557
2021-08-15,ID011,25.795454545454547
2021-08-22,ID011,25.9
2021-08-29,ID011,28.0
2021-09-05,ID011,28.0
2021-09-12,ID011,73.27777777777777
2021-09-19,ID011,27.612903225806452
2021-09-26,ID011,23.563636363636363
2021-10-03,ID011,28.470588235294116
2021-10-10,ID011,58.666666666666664
2021-10-17,ID011,42.0
2021-10-24,ID011,162.19277108433735
2021-10-31,ID011,99.88709677419355
2021-11-07,ID011,174.58064516129033
2021-11-14,ID011,169.45945945945945
2021-11-21,ID011,84.47272727272727
2021-11-28,ID011,116.53416149068323
2021-12-05,ID011,159.03305785123968
2021-12-12,ID011,225.95302013422818
2021-12-19,ID011,222.4608695652174
2021-12-26,ID011,256.55801104972375
2022-01-02,ID011,222.97916666666666
2022-01-09,ID011,193.955223880597
2022-01-16,ID011,194.78378378378378
2022-01-23,ID011,85.0
2022-01-30,ID011,49.023809523809526
2022-02-06,ID011,49.76315789473684
2022-02-13,ID011,82.0
2022-02-20,ID011,83.86641221374046
2022-02-27,ID011,89.0909090909091
2022-03-06,ID011,83.92468239564428
2022-03-13,ID011,98.35348837209303
2022-03-20,ID011,137.57246376811594
2022-03-27,ID011,99.29230769230769
2022-04-03,ID011,79.3640350877193
2022-04-10,ID011,77.69354838709677
2022-04-17,ID011,78.72222222222223
2022-04-24,ID011,76.0
2022-05-01,ID011,76.0
2022-05-08,ID011,76.0
2022-05-15,ID011,76.0
2022-05-22,ID011,76.0
2022-05-29,ID011,76.0
2022-06-05,ID011,76.0
2022-06-12,ID011,76.0
2022-06-19,ID011,76.0
2022-06-26,ID011,76.0
2022-07-03,ID011,76.0
2022-07-10,ID011,76.0
2022-07-17,ID011,76.0
2022-07-24,ID011,76.0
2022-07-31,ID011,76.0
2022-08-07,ID011,76.0
2022-08-14,ID011,76.0
2022-08-21,ID011,76.0
2022-08-28,ID011,76.0
2022-09-04,ID011,76.0
2022-09-11,ID011,76.0
2022-09-18,ID011,76.0
2022-09-25,ID011,76.0
2022-10-02,ID011,76.0
2022-10-09,ID011,76.0
2022-10-16,ID011,76.0
2021-06-06,ID012,141.75
2021-06-13,ID012,145.0
2021-06-20,ID012,145.0
2021-06-27,ID012,145.0
2021-07-04,ID012,217.5897435897436
2021-07-11,ID012,220.46113989637306
2021-07-18,ID012,218.69298245614036
2021-07-25,ID012,216.63636363636363
2021-08-01,ID012,217.14285714285714
2021-08-08,ID012,218.03296703296704
2021-08-15,ID012,103.62962962962963
2021-08-22,ID012,65.28225806451613
2021-08-29,ID012,71.03157894736842
2021-09-05,ID012,88.0
2021-09-12,ID012,60.96666666666667
2021-09-19,ID012,71.0
2021-09-26,ID012,71.0
2021-10-03,ID012,71.0
2021-10-10,ID012,70.4
2021-10-17,ID012,56.0
2021-10-24,ID012,56.0
2021-10-31,ID012,56.0
2021-11-07,ID012,56.0
2021-11-14,ID012,56.0
2021-11-21,ID012,56.0
2021-11-28,ID012,56.0
2021-12-05,ID012,56.0
2021-12-12,ID012,56.0
2021-12-19,ID012,56.0
2021-12-26,ID012,56.0
2022-01-02,ID012,56.0
2022-01-09,ID012,56.0
2022-01-16,ID012,56.0
2022-01-23,ID012,56.0
2022-01-30,ID012,56.0
2022-02-06,ID012,56.0
2022-02-13,ID012,56.0
2022-02-20,ID012,56.0
2022-02-27,ID012,56.0
2022-03-06,ID012,56.0
2022-03-13,ID012,56.0
2022-03-20,ID012,56.0
2022-03-27,ID012,56.0
2022-04-03,ID012,56.0
2022-04-10,ID012,56.0
2022-04-17,ID012,56.0
2022-04-24,ID012,56.0
2022-05-01,ID012,56.0
2022-05-08,ID012,56.0
2022-05-15,ID012,56.0
2022-05-22,ID012,56.0
2022-05-29,ID012,56.0
2022-06-05,ID012,56.0
2022-06-12,ID012,56.0
2022-06-19,ID012,56.0
2022-06-26,ID012,56.0
2022-07-03,ID012,56.0
2022-07-10,ID012,56.0
2022-07-17,ID012,56.0
2022-07-24,ID012,56.0
2022-07-31,ID012,56.0
2022-08-07,ID012,56.0
2022-08-14,ID012,56.0
2022-08-21,ID012,56.0
2022-08-28,ID012,56.0
2022-09-04,ID012,56.0
2022-09-11,ID012,56.0
2022-09-18,ID012,56.0
2022-09-25,ID012,56.0
2022-10-02,ID012,56.0
2022-10-09,ID012,56.0
2022-10-16,ID012,56.0
2021-06-06,ID013,98.35384615384615
2021-06-13,ID013,13.57943925233645
2021-06-20,ID013,16.297520661157026
2021-06-27,ID013,19.23469387755102
2021-07-04,ID013,14.707865168539326
2021-07-11,ID013,20.680722891566266
2021-07-18,ID013,12.333333333333334
2021-07-25,ID013,16.076923076923077
2021-08-01,ID013,13.905511811023622
2021-08-08,ID013,13.806451612903226
2021-08-15,ID013,20.583333333333332
2021-08-22,ID013,42.9
2021-08-29,ID013,39.51724137931034
2021-09-05,ID013,36.25
2021-09-12,ID013,35.333333333333336
2021-09-19,ID013,34.111111111111114
2021-09-26,ID013,39.333333333333336
2021-10-03,ID013,43.0
2021-10-10,ID013,43.0
2021-10-17,ID013,43.0
2021-10-24,ID013,251.8
2021-10-31,ID013,304.0
2021-11-07,ID013,304.0
2021-11-14,ID013,304.0
2021-11-21,ID013,304.0
2021-11-28,ID013,304.0
2021-12-05,ID013,304.0
2021-12-12,ID013,304.0
2021-12-19,ID013,304.0
2021-12-26,ID013,304.0
2022-01-02,ID013,304.0
2022-01-09,ID013,304.0
2022-01-16,ID013,304.0
2022-01-23,ID013,304.0
2022-01-30,ID013,304.0
2022-02-06,ID013,304.0
2022-02-13,ID013,304.0
2022-02-20,ID013,304.0
2022-02-27,ID013,304.0
2022-03-06,ID013,304.0
2022-03-13,ID013,304.0
2022-03-20,ID013,304.0
2022-03-27,ID013,304.0
2022-04-03,ID013,304.0
2022-04-10,ID013,304.0
2022-04-17,ID013,304.0
2022-04-24,ID013,304.0
2022-05-01,ID013,304.0
2022-05-08,ID013,304.0
2022-05-15,ID013,304.0
2022-05-22,ID013,304.0
2022-05-29,ID013,304.0
2022-06-05,ID013,304.0
2022-06-12,ID013,304.0
2022-06-19,ID013,304.0
2022-06-26,ID013,304.0
2022-07-03,ID013,304.0
2022-07-10,ID013,304.0
2022-07-17,ID013,304.0
2022-07-24,ID013,304.0
2022-07-31,ID013,304.0
2022-08-07,ID013,304.0
2022-08-14,ID013,304.0
2022-08-21,ID013,304.0
2022-08-28,ID013,304.0
2022-09-04,ID013,304.0
2022-09-11,ID013,304.0
2022-09-18,ID013,304.0
2022-09-25,ID013,304.0
2022-10-02,ID013,304.0
2022-10-09,ID013,304.0
2022-10-16,ID013,304.0
2021-06-06,ID014,192.53225806451613
2021-06-13,ID014,169.87755102040816
2021-06-20,ID014,170.97674418604652
2021-06-27,ID014,172.14414414414415
2021-07-04,ID014,177.3790322580645
2021-07-11,ID014,177.50785340314135
2021-07-18,ID014,173.49624060150376
2021-07-25,ID014,176.32758620689654
2021-08-01,ID014,172.58156028368793
2021-08-08,ID014,174.9579831932773
2021-08-15,ID014,106.40972222222223
2021-08-22,ID014,47.86065573770492
2021-08-29,ID014,49.549180327868854
2021-09-05,ID014,53.74193548387097
2021-09-12,ID014,51.29197080291971
2021-09-19,ID014,54.496
2021-09-26,ID014,50.082089552238806
2021-10-03,ID014,56.92982456140351
2021-10-10,ID014,68.29203539823008
2021-10-17,ID014,75.97391304347826
2021-10-24,ID014,87.0
2021-10-31,ID014,87.0
2021-11-07,ID014,87.0
2021-11-14,ID014,87.0
2021-11-21,ID014,87.0
2021-11-28,ID014,87.0
2021-12-05,ID014,87.0
2021-12-12,ID014,87.0
2021-12-19,ID014,87.0
2021-12-26,ID014,87.0
2022-01-02,ID014,87.0
2022-01-09,ID014,87.0
2022-01-16,ID014,87.0
2022-01-23,ID014,87.0
2022-01-30,ID014,87.0
2022-02-06,ID014,87.0
2022-02-13,ID014,87.0
2022-02-20,ID014,87.0
2022-02-27,ID014,87.0
2022-03-06,ID014,87.0
2022-03-13,ID014,87.0
2022-03-20,ID014,87.0
2022-03-27,ID014,87.0
2022-04-03,ID014,87.0
2022-04-10,ID014,87.0
2022-04-17,ID014,87.0
2022-04-24,ID014,87.0
2022-05-01,ID014,87.0
2022-05-08,ID014,87.0
2022-05-15,ID014,87.0
2022-05-22,ID014,87.0
2022-05-29,ID014,87.0
2022-06-05,ID014,87.0
2022-06-12,ID014,87.0
2022-06-19,ID014,87.0
2022-06-26,ID014,87.0
2022-07-03,ID014,87.0
2022-07-10,ID014,87.0
2022-07-17,ID014,87.0
2022-07-24,ID014,87.0
2022-07-31,ID014,87.0
2022-08-07,ID014,87.0
2022-08-14,ID014,87.0
2022-08-21,ID014,87.0
2022-08-28,ID014,87.0
2022-09-04,ID014,87.0
2022-09-11,ID014,87.0
2022-09-18,ID014,87.0
2022-09-25,ID014,87.0
2022-10-02,ID014,87.0
2022-10-09,ID014,87.0
2022-10-16,ID014,87.0
2021-06-06,ID015,216.325
2021-06-13,ID015,213.09285714285716
2021-06-20,ID015,212.4198473282443
2021-06-27,ID015,216.31034482758622
2021-07-04,ID015,218.52083333333334
2021-07-11,ID015,216.72677595628414
2021-07-18,ID015,212.64912280701753
2021-07-25,ID015,211.09756097560975
2021-08-01,ID015,211.06766917293234
2021-08-08,ID015,212.2058823529412
2021-08-15,ID015,226.5
2021-08-22,ID015,215.0
2021-08-29,ID015,215.0
2021-09-05,ID015,215.0
2021-09-12,ID015,189.0
2021-09-19,ID015,312.7
2021-09-26,ID015,320.0
2021-10-03,ID015,60.49411764705882
2021-10-10,ID015,62.630434782608695
2021-10-17,ID015,70.34782608695652
2021-10-24,ID015,74.3203125
2021-10-31,ID015,83.42608695652174
2021-11-07,ID015,140.0441176470588
2021-11-14,ID015,130.7904761904762
2021-11-21,ID015,73.0
2021-11-28,ID015,73.0
2021-12-05,ID015,73.0
2021-12-12,ID015,73.0
2021-12-19,ID015,73.0
2021-12-26,ID015,214.1338028169014
2022-01-02,ID015,160.54545454545453
2022-01-09,ID015,102.94642857142857
2022-01-16,ID015,143.26315789473685
2022-01-23,ID015,82.0
2022-01-30,ID015,50.42666666666667
2022-02-06,ID015,59.0
2022-02-13,ID015,55.0
2022-02-20,ID015,55.51271186440678
2022-02-27,ID015,55.3640350877193
2022-03-06,ID015,53.71067415730337
2022-03-13,ID015,54.42786069651741
2022-03-20,ID015,60.389380530973455
2022-03-27,ID015,55.735849056603776
2022-04-03,ID015,58.59487179487179
2022-04-10,ID015,61.69668246445497
2022-04-17,ID015,58.24401913875598
2022-04-24,ID015,57.47342995169082
2022-05-01,ID015,59.22274881516588
2022-05-08,ID015,61.256410256410255
2022-05-15,ID015,56.50785340314136
2022-05-22,ID015,58.03720930232558
2022-05-29,ID015,55.94387755102041
2022-06-05,ID015,55.59708737864078
2022-06-12,ID015,54.18181818181818
2022-06-19,ID015,55.656976744186046
2022-06-26,ID015,52.33884297520661
2022-07-03,ID015,53.497854077253216
2022-07-10,ID015,53.012269938650306
2022-07-17,ID015,52.094339622641506
2022-07-24,ID015,54.0
2022-07-31,ID015,54.205
2022-08-07,ID015,54.932203389830505
2022-08-14,ID015,52.23287671232877
2022-08-21,ID015,53.83589743589744
2022-08-28,ID015,54.467980295566505
2022-09-04,ID015,55.30769230769231
2022-09-11,ID015,54.59281437125748
2022-09-18,ID015,53.194871794871794
2022-09-25,ID015,53.23699421965318
2022-10-02,ID015,61.07843137254902
2022-10-09,ID015,54.48905109489051
2022-10-16,ID015,54.45238095238095
2021-06-06,ID016,256.53846153846155
2021-06-13,ID016,500.0
2021-06-20,ID016,500.0
2021-06-27,ID016,500.0
2021-07-04,ID016,500.0
2021-07-11,ID016,500.0
2021-07-18,ID016,500.0
2021-07-25,ID016,500.0
2021-08-01,ID016,500.0
2021-08-08,ID016,500.0
2021-08-15,ID016,128.02439024390245
2021-08-22,ID016,63.9059829059829
2021-08-29,ID016,66.32203389830508
2021-09-05,ID016,63.0
2021-09-12,ID016,65.4
2021-09-19,ID016,61.794117647058826
2021-09-26,ID016,69.31460674157303
2021-10-03,ID016,88.76041666666667
2021-10-10,ID016,98.0
2021-10-17,ID016,111.01149425287356
2021-10-24,ID016,104.26388888888889
2021-10-31,ID016,120.0
2021-11-07,ID016,120.0
2021-11-14,ID016,120.0
2021-11-21,ID016,120.0
2021-11-28,ID016,120.0
2021-12-05,ID016,120.0
2021-12-12,ID016,120.0
2021-12-19,ID016,120.0
2021-12-26,ID016,299.73333333333335
2022-01-02,ID016,299.73333333333335
2022-01-09,ID016,299.73333333333335
2022-01-16,ID016,213.0
2022-01-23,ID016,213.0
2022-01-30,ID016,213.0
2022-02-06,ID016,213.0
2022-02-13,ID016,213.0
2022-02-20,ID016,213.0
2022-02-27,ID016,213.0
2022-03-06,ID016,213.0
2022-03-13,ID016,213.0
2022-03-20,ID016,213.0
2022-03-27,ID016,213.0
2022-04-03,ID016,63.95495495495496
2022-04-10,ID016,49.03191489361702
2022-04-17,ID016,89.88311688311688
2022-04-24,ID016,55.15217391304348
2022-05-01,ID016,51.595238095238095
2022-05-08,ID016,54.50617283950617
2022-05-15,ID016,48.42446043165467
2022-05-22,ID016,53.191616766467064
2022-05-29,ID016,52.544502617801044
2022-06-05,ID016,51.7029702970297
2022-06-12,ID016,48.970588235294116
2022-06-19,ID016,51.92546583850932
2022-06-26,ID016,48.34146341463415
2022-07-03,ID016,49.024875621890544
2022-07-10,ID016,48.049180327868854
2022-07-17,ID016,47.65693430656934
2022-07-24,ID016,48.0
2022-07-31,ID016,48.0
2022-08-07,ID016,94.52777777777777
2022-08-14,ID016,62.966257668711656
2022-08-21,ID016,50.80225988700565
2022-08-28,ID016,51.76162790697674
2022-09-04,ID016,51.76608187134503
2022-09-11,ID016,50.50632911392405
2022-09-18,ID016,49.36507936507937
2022-09-25,ID016,50.70063694267516
2022-10-02,ID016,51.0
2022-10-09,ID016,51.0
2022-10-16,ID016,51.0
2021-06-06,ID017,366.0
2021-06-13,ID017,366.0
2021-06-20,ID017,366.0
2021-06-27,ID017,366.0
2021-07-04,ID017,366.0
2021-07-11,ID017,366.0
2021-07-18,ID017,366.0
2021-07-25,ID017,366.0
2021-08-01,ID017,366.0
2021-08-08,ID017,366.0
2021-08-15,ID017,366.0
2021-08-22,ID017,366.0
2021-08-29,ID017,366.0
2021-09-05,ID017,366.0
2021-09-12,ID017,366.0
2021-09-19,ID017,366.0
2021-09-26,ID017,366.0
2021-10-03,ID017,366.0
2021-10-10,ID017,366.0
2021-10-17,ID017,366.0
2021-10-24,ID017,174.2
2021-10-31,ID017,56.30909090909091
2021-11-07,ID017,38.0
2021-11-14,ID017,106.39024390243902
2021-11-21,ID017,145.0
2021-11-28,ID017,92.0
2021-12-05,ID017,141.93333333333334
2021-12-12,ID017,152.0
2021-12-19,ID017,158.35714285714286
2021-12-26,ID017,183.68595041322314
2022-01-02,ID017,149.23809523809524
2022-01-09,ID017,123.05405405405405
2022-01-16,ID017,160.92592592592592
2022-01-23,ID017,204.0
2022-01-30,ID017,71.6875
2022-02-06,ID017,160.5
2022-02-13,ID017,25.0
2022-02-20,ID017,45.593360995850624
2022-02-27,ID017,58.057203389830505
2022-03-06,ID017,77.63265306122449
2022-03-13,ID017,57.93617021276596
2022-03-20,ID017,75.34210526315789
2022-03-27,ID017,38.75268817204301
2022-04-03,ID017,26.71698113207547
2022-04-10,ID017,26.166666666666668
2022-04-17,ID017,23.91216216216216
2022-04-24,ID017,23.57236842105263
2022-05-01,ID017,21.711409395973153
2022-05-08,ID017,18.45945945945946
2022-05-15,ID017,16.417989417989418
2022-05-22,ID017,23.06875
2022-05-29,ID017,16.493333333333332
2022-06-05,ID017,16.183098591549296
2022-06-12,ID017,16.0
2022-06-19,ID017,16.022222222222222
2022-06-26,ID017,16.0
2022-07-03,ID017,16.0
2022-07-10,ID017,16.0
2022-07-17,ID017,16.0
2022-07-24,ID017,16.0
2022-07-31,ID017,17.77777777777778
2022-08-07,ID017,17.462222222222223
2022-08-14,ID017,17.1046511627907
2022-08-21,ID017,18.4585635359116
2022-08-28,ID017,18.006134969325153
2022-09-04,ID017,16.0
2022-09-11,ID017,16.0
2022-09-18,ID017,16.0
2022-09-25,ID017,16.0
2022-10-02,ID017,16.0
2022-10-09,ID017,16.775757575757577
2022-10-16,ID017,17.0
2021-06-06,ID018,162.96969696969697
2021-06-13,ID018,121.0
2021-06-20,ID018,121.0
2021-06-27,ID018,121.0
2021-07-04,ID018,209.3181818181818
2021-07-11,ID018,32.81366459627329
2021-07-18,ID018,11.317073170731707
2021-07-25,ID018,16.040816326530614
2021-08-01,ID018,14.72972972972973
2021-08-08,ID018,16.350515463917525
2021-08-15,ID018,29.6875
2021-08-22,ID018,36.46666666666667
2021-08-29,ID018,34.0
2021-09-05,ID018,34.75
2021-09-12,ID018,38.23076923076923
2021-09-19,ID018,34.0
2021-09-26,ID018,36.59090909090909
2021-10-03,ID018,40.714285714285715
2021-10-10,ID018,47.19512195121951
2021-10-17,ID018,60.26923076923077
2021-10-24,ID018,60.179245283018865
2021-10-31,ID018,66.48148148148148
2021-11-07,ID018,96.31666666666666
2021-11-14,ID018,111.01388888888889
2021-11-21,ID018,65.43478260869566
2021-11-28,ID018,94.97916666666667
2021-12-05,ID018,103.73394495412845
2021-12-12,ID018,143.90196078431373
2021-12-19,ID018,144.23728813559322
2021-12-26,ID018,171.0873015873016
2022-01-02,ID018,132.8581560283688
2022-01-09,ID018,141.19333333333333
2022-01-16,ID018,269.0
2022-01-23,ID018,269.0
2022-01-30,ID018,269.0
2022-02-06,ID018,269.0
2022-02-13,ID018,269.0
2022-02-20,ID018,269.0
2022-02-27,ID018,269.0
2022-03-06,ID018,269.0
2022-03-13,ID018,269.0
2022-03-20,ID018,269.0
2022-03-27,ID018,99.3623188405797
2022-04-03,ID018,34.375
2022-04-10,ID018,34.323076923076925
2022-04-17,ID018,34.86363636363637
2022-04-24,ID018,35.13265306122449
2022-05-01,ID018,34.23762376237624
2022-05-08,ID018,34.0
2022-05-15,ID018,34.0
2022-05-22,ID018,34.7375
2022-05-29,ID018,34.090225563909776
2022-06-05,ID018,34.07432432432432
2022-06-12,ID018,34.0
2022-06-19,ID018,34.0
2022-06-26,ID018,34.10666666666667
2022-07-03,ID018,34.220588235294116
2022-07-10,ID018,34.0
2022-07-17,ID018,34.0
2022-07-24,ID018,34.0
2022-07-31,ID018,34.0
2022-08-07,ID018,34.0
2022-08-14,ID018,34.0
2022-08-21,ID018,34.0
2022-08-28,ID018,34.0
2022-09-04,ID018,34.0
2022-09-11,ID018,34.0
2022-09-18,ID018,34.0
2022-09-25,ID018,34.0
2022-10-02,ID018,34.0
2022-10-09,ID018,34.0
2022-10-16,ID018,34.0
2021-06-06,ID020,198.29268292682926
2021-06-13,ID020,185.0
2021-06-20,ID020,185.0
2021-06-27,ID020,198.10256410256412
2021-07-04,ID020,201.77551020408163
2021-07-11,ID020,200.7425149700599
2021-07-18,ID020,199.84112149532712
2021-07-25,ID020,197.16666666666666
2021-08-01,ID020,197.0
2021-08-08,ID020,197.9247311827957
2021-08-15,ID020,126.18478260869566
2021-08-22,ID020,47.295081967213115
2021-08-29,ID020,48.215384615384615
2021-09-05,ID020,48.0
2021-09-12,ID020,48.0
2021-09-19,ID020,48.0
2021-09-26,ID020,47.54
2021-10-03,ID020,51.723684210526315
2021-10-10,ID020,57.61904761904762
2021-10-17,ID020,86.64150943396227
2021-10-24,ID020,81.5078125
2021-10-31,ID020,96.76
2021-11-07,ID020,172.8
2021-11-14,ID020,165.5
2021-11-21,ID020,78.58510638297872
2021-11-28,ID020,113.60625
2021-12-05,ID020,145.2295081967213
2021-12-12,ID020,86.53237410071942
2021-12-19,ID020,51.41
2021-12-26,ID020,49.0
2022-01-02,ID020,49.0
2022-01-09,ID020,49.0
2022-01-16,ID020,49.0
2022-01-23,ID020,49.0
2022-01-30,ID020,49.0
2022-02-06,ID020,49.0
2022-02-13,ID020,49.0
2022-02-20,ID020,49.0
2022-02-27,ID020,49.0
2022-03-06,ID020,49.0
2022-03-13,ID020,49.0
2022-03-20,ID020,49.0
2022-03-27,ID020,49.51578947368421
2022-04-03,ID020,51.265625
2022-04-10,ID020,48.12844036697248
2022-04-17,ID020,49.350515463917525
2022-04-24,ID020,48.5
2022-05-01,ID020,50.279620853080566
2022-05-08,ID020,49.171597633136095
2022-05-15,ID020,47.19886363636363
2022-05-22,ID020,47.34730538922156
2022-05-29,ID020,46.9774011299435
2022-06-05,ID020,46.90340909090909
2022-06-12,ID020,48.625
2022-06-19,ID020,48.5234375
2022-06-26,ID020,46.794392523364486
2022-07-03,ID020,49.19211822660098
2022-07-10,ID020,46.64335664335665
2022-07-17,ID020,46.203007518796994
2022-07-24,ID020,48.0
2022-07-31,ID020,47.387387387387385
2022-08-07,ID020,46.974747474747474
2022-08-14,ID020,46.26979472140763
2022-08-21,ID020,47.09316770186335
2022-08-28,ID020,46.40251572327044
2022-09-04,ID020,46.82
2022-09-11,ID020,46.1063829787234
2022-09-18,ID020,46.706214689265536
2022-09-25,ID020,114.93582887700535
2022-10-02,ID020,131.77142857142857
2022-10-09,ID020,41.0
2022-10-16,ID020,41.0
2021-06-06,ID021,222.58620689655172
2021-06-13,ID021,132.0
2021-06-20,ID021,132.0
2021-06-27,ID021,132.0
2021-07-04,ID021,132.0
2021-07-11,ID021,132.0
2021-07-18,ID021,132.0
2021-07-25,ID021,132.0
2021-08-01,ID021,132.0
2021-08-08,ID021,132.0
2021-08-15,ID021,132.0
2021-08-22,ID021,132.0
2021-08-29,ID021,132.0
2021-09-05,ID021,132.0
2021-09-12,ID021,132.0
2021-09-19,ID021,132.0
2021-09-26,ID021,132.0
2021-10-03,ID021,132.0
2021-10-10,ID021,132.0
2021-10-17,ID021,132.0
2021-10-24,ID021,132.0
2021-10-31,ID021,132.0
2021-11-07,ID021,132.0
2021-11-14,ID021,132.0
2021-11-21,ID021,132.0
2021-11-28,ID021,132.0
2021-12-05,ID021,132.0
2021-12-12,ID021,132.0
2021-12-19,ID021,132.0
2021-12-26,ID021,132.0
2022-01-02,ID021,132.0
2022-01-09,ID021,132.0
2022-01-16,ID021,132.0
2022-01-23,ID021,132.0
2022-01-30,ID021,132.0
2022-02-06,ID021,132.0
2022-02-13,ID021,132.0
2022-02-20,ID021,132.0
2022-02-27,ID021,132.0
2022-03-06,ID021,132.0
2022-03-13,ID021,132.0
2022-03-20,ID021,132.0
2022-03-27,ID021,132.0
2022-04-03,ID021,132.0
2022-04-10,ID021,132.0
2022-04-17,ID021,132.0
2022-04-24,ID021,132.0
2022-05-01,ID021,132.0
2022-05-08,ID021,132.0
2022-05-15,ID021,132.0
2022-05-22,ID021,132.0
2022-05-29,ID021,132.0
2022-06-05,ID021,132.0
2022-06-12,ID021,132.0
2022-06-19,ID021,132.0
2022-06-26,ID021,132.0
2022-07-03,ID021,132.0
2022-07-10,ID021,132.0
2022-07-17,ID021,132.0
2022-07-24,ID021,132.0
2022-07-31,ID021,132.0
2022-08-07,ID021,132.0
2022-08-14,ID021,73.32786885245902
2022-08-21,ID021,27.746987951807228
2022-08-28,ID021,33.598958333333336
2022-09-04,ID021,48.30769230769231
2022-09-11,ID021,40.13609467455621
2022-09-18,ID021,29.425339366515836
2022-09-25,ID021,49.09230769230769
2022-10-02,ID021,59.0
2022-10-09,ID021,59.0
2022-10-16,ID021,59.0
2021-06-06,ID022,198.0
2021-06-13,ID022,195.51063829787233
2021-06-20,ID022,197.93076923076924
2021-06-27,ID022,198.66101694915255
2021-07-04,ID022,201.23333333333332
2021-07-11,ID022,205.13684210526316
2021-07-18,ID022,198.3
2021-07-25,ID022,200.64912280701753
2021-08-01,ID022,196.84563758389262
2021-08-08,ID022,202.3684210526316
2021-08-15,ID022,113.32575757575758
2021-08-22,ID022,56.4921875
2021-08-29,ID022,55.848
2021-09-05,ID022,54.904761904761905
2021-09-12,ID022,55.44444444444444
2021-09-19,ID022,54.86614173228347
2021-09-26,ID022,56.45985401459854
2021-10-03,ID022,63.951219512195124
2021-10-10,ID022,68.30701754385964
2021-10-17,ID022,88.84615384615384
2021-10-24,ID022,86.92592592592592
2021-10-31,ID022,96.3
2021-11-07,ID022,103.51388888888889
2021-11-14,ID022,120.58904109589041
2021-11-21,ID022,70.69565217391305
2021-11-28,ID022,93.84615384615384
2021-12-05,ID022,101.26446280991736
2021-12-12,ID022,85.76760563380282
2021-12-19,ID022,63.638888888888886
2021-12-26,ID022,98.56164383561644
2022-01-02,ID022,117.0
2022-01-09,ID022,118.36986301369863
2022-01-16,ID022,122.0
2022-01-23,ID022,122.0
2022-01-30,ID022,122.0
2022-02-06,ID022,122.0
2022-02-13,ID022,122.0
2022-02-20,ID022,122.0
2022-02-27,ID022,122.0
2022-03-06,ID022,45.0
2022-03-13,ID022,45.0
2022-03-20,ID022,45.0
2022-03-27,ID022,45.0
2022-04-03,ID022,45.0
2022-04-10,ID022,45.0
2022-04-17,ID022,45.0
2022-04-24,ID022,45.0
2022-05-01,ID022,45.0
2022-05-08,ID022,45.0
2022-05-15,ID022,45.0
2022-05-22,ID022,45.0
2022-05-29,ID022,45.0
2022-06-05,ID022,45.0
2022-06-12,ID022,45.0
2022-06-19,ID022,45.0
2022-06-26,ID022,45.0
2022-07-03,ID022,45.0
2022-07-10,ID022,45.0
2022-07-17,ID022,45.0
2022-07-24,ID022,45.0
2022-07-31,ID022,45.0
2022-08-07,ID022,45.0
2022-08-14,ID022,45.0
2022-08-21,ID022,45.0
2022-08-28,ID022,45.0
2022-09-04,ID022,45.0
2022-09-11,ID022,45.0
2022-09-18,ID022,45.2436974789916
2022-09-25,ID022,41.0
2022-10-02,ID022,41.0
2022-10-09,ID022,41.0
2022-10-16,ID022,41.0
2021-06-06,ID023,111.0
2021-06-13,ID023,111.0
2021-06-20,ID023,111.0
2021-06-27,ID023,111.0
2021-07-04,ID023,111.0
2021-07-11,ID023,111.0
2021-07-18,ID023,111.0
2021-07-25,ID023,111.0
2021-08-01,ID023,111.0
2021-08-08,ID023,111.0
2021-08-15,ID023,111.0
2021-08-22,ID023,111.0
2021-08-29,ID023,111.0
2021-09-05,ID023,111.0
2021-09-12,ID023,111.0
2021-09-19,ID023,111.0
2021-09-26,ID023,111.0
2021-10-03,ID023,111.0
2021-10-10,ID023,111.0
2021-10-17,ID023,111.0
2021-10-24,ID023,111.0
2021-10-31,ID023,111.0
2021-11-07,ID023,111.0
2021-11-14,ID023,111.0
2021-11-21,ID023,111.0
2021-11-28,ID023,111.0
2021-12-05,ID023,111.0
2021-12-12,ID023,111.0
2021-12-19,ID023,111.0
2021-12-26,ID023,111.0
2022-01-02,ID023,111.0
2022-01-09,ID023,111.0
2022-01-16,ID023,111.0
2022-01-23,ID023,111.0
2022-01-30,ID023,111.0
2022-02-06,ID023,111.0
2022-02-13,ID023,111.0
2022-02-20,ID023,111.0
2022-02-27,ID023,111.0
2022-03-06,ID023,111.0
2022-03-13,ID023,111.0
2022-03-20,ID023,111.0
2022-03-27,ID023,111.0
2022-04-03,ID023,111.0
2022-04-10,ID023,111.0
2022-04-17,ID023,111.0
2022-04-24,ID023,111.0
2022-05-01,ID023,111.0
2022-05-08,ID023,111.0
2022-05-15,ID023,111.0
2022-05-22,ID023,111.0
2022-05-29,ID023,111.0
2022-06-05,ID023,111.0
2022-06-12,ID023,111.0
2022-06-19,ID023,111.0
2022-06-26,ID023,111.0
2022-07-03,ID023,111.0
2022-07-10,ID023,111.0
2022-07-17,ID023,111.0
2022-07-24,ID023,111.0
2022-07-31,ID023,111.0
2022-08-07,ID023,111.0
2022-08-14,ID023,111.0
2022-08-21,ID023,111.0
2022-08-28,ID023,111.0
2022-09-04,ID023,111.0
2022-09-11,ID023,111.0
2022-09-18,ID023,111.0
2022-09-25,ID023,111.0
2022-10-02,ID023,111.0
2022-10-09,ID023,111.0
2022-10-16,ID023,111.0
2021-06-06,ID024,139.8
2021-06-13,ID024,135.0
2021-06-20,ID024,135.0
2021-06-27,ID024,135.0
2021-07-04,ID024,135.0
2021-07-11,ID024,135.0
2021-07-18,ID024,135.0
2021-07-25,ID024,135.0
2021-08-01,ID024,135.0
2021-08-08,ID024,135.0
2021-08-15,ID024,135.0
2021-08-22,ID024,135.0
2021-08-29,ID024,135.0
2021-09-05,ID024,135.0
2021-09-12,ID024,135.0
2021-09-19,ID024,135.0
2021-09-26,ID024,135.0
2021-10-03,ID024,135.0
2021-10-10,ID024,135.0
2021-10-17,ID024,135.0
2021-10-24,ID024,135.0
2021-10-31,ID024,135.0
2021-11-07,ID024,135.0
2021-11-14,ID024,135.0
2021-11-21,ID024,135.0
2021-11-28,ID024,135.0
2021-12-05,ID024,135.0
2021-12-12,ID024,135.0
2021-12-19,ID024,135.0
2021-12-26,ID024,135.0
2022-01-02,ID024,135.0
2022-01-09,ID024,135.0
2022-01-16,ID024,135.0
2022-01-23,ID024,135.0
2022-01-30,ID024,135.0
2022-02-06,ID024,135.0
2022-02-13,ID024,135.0
2022-02-20,ID024,135.0
2022-02-27,ID024,135.0
2022-03-06,ID024,135.0
2022-03-13,ID024,135.0
2022-03-20,ID024,135.0
2022-03-27,ID024,135.0
2022-04-03,ID024,135.0
2022-04-10,ID024,135.0
2022-04-17,ID024,135.0
2022-04-24,ID024,135.0
2022-05-01,ID024,135.0
2022-05-08,ID024,135.0
2022-05-15,ID024,135.0
2022-05-22,ID024,135.0
2022-05-29,ID024,135.0
2022-06-05,ID024,135.0
2022-06-12,ID024,135.0
2022-06-19,ID024,135.0
2022-06-26,ID024,135.0
2022-07-03,ID024,135.0
2022-07-10,ID024,135.0
2022-07-17,ID024,135.0
2022-07-24,ID024,135.0
2022-07-31,ID024,135.0
2022-08-07,ID024,135.0
2022-08-14,ID024,135.0
2022-08-21,ID024,135.0
2022-08-28,ID024,135.0
2022-09-04,ID024,135.0
2022-09-11,ID024,135.0
2022-09-18,ID024,135.0
2022-09-25,ID024,135.0
2022-10-02,ID024,135.0
2022-10-09,ID024,135.0
2022-10-16,ID024,135.0
2021-06-06,ID025,216.05714285714285
2021-06-13,ID025,217.15328467153284
2021-06-20,ID025,217.0
2021-06-27,ID025,218.045871559633
2021-07-04,ID025,220.45217391304348
2021-07-11,ID025,220.1578947368421
2021-07-18,ID025,220.0708661417323
2021-07-25,ID025,217.90196078431373
2021-08-01,ID025,219.232
2021-08-08,ID025,219.44303797468353
2021-08-15,ID025,111.57954545454545
2021-08-22,ID025,60.09230769230769
2021-08-29,ID025,56.0
2021-09-05,ID025,56.0
2021-09-12,ID025,63.72289156626506
2021-09-19,ID025,64.64166666666667
2021-09-26,ID025,62.234042553191486
2021-10-03,ID025,61.98969072164948
2021-10-10,ID025,60.18181818181818
2021-10-17,ID025,60.0
2021-10-24,ID025,69.09302325581395
2021-10-31,ID025,68.03448275862068
2021-11-07,ID025,65.0
2021-11-14,ID025,65.0
2021-11-21,ID025,65.0
2021-11-28,ID025,65.0
2021-12-05,ID025,65.0
2021-12-12,ID025,65.0
2021-12-19,ID025,65.0
2021-12-26,ID025,186.65925925925927
2022-01-02,ID025,152.58450704225353
2022-01-09,ID025,132.7020202020202
2022-01-16,ID025,120.78947368421052
2022-01-23,ID025,57.0
2022-01-30,ID025,78.23157894736842
2022-02-06,ID025,160.0
2022-02-13,ID025,55.0
2022-02-20,ID025,74.55251141552512
2022-02-27,ID025,91.7192118226601
2022-03-06,ID025,74.43495145631069
2022-03-13,ID025,72.46496815286625
2022-03-20,ID025,217.78571428571428
2022-03-27,ID025,74.84210526315789
2022-04-03,ID025,75.37383177570094
2022-04-10,ID025,62.0
2022-04-17,ID025,62.0
2022-04-24,ID025,60.58620689655172
2022-05-01,ID025,56.0
2022-05-08,ID025,56.0
2022-05-15,ID025,56.0
2022-05-22,ID025,56.0
2022-05-29,ID025,56.0
2022-06-05,ID025,56.0
2022-06-12,ID025,56.0
2022-06-19,ID025,56.0
2022-06-26,ID025,56.0
2022-07-03,ID025,56.0
2022-07-10,ID025,56.0
2022-07-17,ID025,79.47945205479452
2022-07-24,ID025,83.0
2022-07-31,ID025,130.0
2022-08-07,ID025,130.0
2022-08-14,ID025,130.0
2022-08-21,ID025,130.0
2022-08-28,ID025,130.0
2022-09-04,ID025,130.0
2022-09-11,ID025,130.0
2022-09-18,ID025,130.0
2022-09-25,ID025,130.0
2022-10-02,ID025,130.0
2022-10-09,ID025,130.0
2022-10-16,ID025,130.0
2021-06-06,ID026,227.11111111111111
2021-06-13,ID026,228.87786259541986
2021-06-20,ID026,228.83333333333334
2021-06-27,ID026,228.97894736842105
2021-07-04,ID026,231.43396226415095
2021-07-11,ID026,230.67664670658684
2021-07-18,ID026,229.09016393442624
2021-07-25,ID026,231.0
2021-08-01,ID026,227.73333333333332
2021-08-08,ID026,230.1
2021-08-15,ID026,135.13541666666666
2021-08-22,ID026,57.22222222222222
2021-08-29,ID026,58.410526315789475
2021-09-05,ID026,56.21212121212121
2021-09-12,ID026,56.65882352941176
2021-09-19,ID026,56.84
2021-09-26,ID026,56.73076923076923
2021-10-03,ID026,58.5
2021-10-10,ID026,60.65
2021-10-17,ID026,87.85271317829458
2021-10-24,ID026,85.78358208955224
2021-10-31,ID026,111.22900763358778
2021-11-07,ID026,138.91176470588235
2021-11-14,ID026,174.51315789473685
2021-11-21,ID026,75.78888888888889
2021-11-28,ID026,124.11351351351351
2021-12-05,ID026,120.40178571428571
2021-12-12,ID026,88.96402877697842
2021-12-19,ID026,58.76
2021-12-26,ID026,65.12048192771084
2022-01-02,ID026,62.595238095238095
2022-01-09,ID026,58.11764705882353
2022-01-16,ID026,53.22222222222222
2022-01-23,ID026,49.0
2022-01-30,ID026,59.735632183908045
2022-02-06,ID026,51.15384615384615
2022-02-13,ID026,60.0
2022-02-20,ID026,54.949019607843134
2022-02-27,ID026,57.18421052631579
2022-03-06,ID026,57.40821917808219
2022-03-13,ID026,68.00487804878048
2022-03-20,ID026,70.23308270676692
2022-03-27,ID026,55.85245901639344
2022-04-03,ID026,58.34375
2022-04-10,ID026,57.34532374100719
2022-04-17,ID026,65.35148514851485
2022-04-24,ID026,61.568627450980394
2022-05-01,ID026,69.14782608695653
2022-05-08,ID026,55.933673469387756
2022-05-15,ID026,54.59701492537314
2022-05-22,ID026,55.0
2022-05-29,ID026,55.0
2022-06-05,ID026,55.0
2022-06-12,ID026,55.0
2022-06-19,ID026,55.0
2022-06-26,ID026,55.0
2022-07-03,ID026,55.79802955665025
2022-07-10,ID026,55.31547619047619
2022-07-17,ID026,54.60645161290323
2022-07-24,ID026,55.28048780487805
2022-07-31,ID026,55.30324909747292
2022-08-07,ID026,55.208333333333336
2022-08-14,ID026,54.66771159874608
2022-08-21,ID026,56.372093023255815
2022-08-28,ID026,55.14705882352941
2022-09-04,ID026,54.977777777777774
2022-09-11,ID026,55.0
2022-09-18,ID026,55.0
2022-09-25,ID026,55.0
2022-10-02,ID026,55.0
2022-10-09,ID026,55.0
2022-10-16,ID026,55.0
2021-06-06,ID027,204.07407407407408
2021-06-13,ID027,132.0
2021-06-20,ID027,132.0
2021-06-27,ID027,132.0
2021-07-04,ID027,132.0
2021-07-11,ID027,132.0
2021-07-18,ID027,132.0
2021-07-25,ID027,132.0
2021-08-01,ID027,132.0
2021-08-08,ID027,132.0
2021-08-15,ID027,132.0
2021-08-22,ID027,132.0
2021-08-29,ID027,132.0
2021-09-05,ID027,132.0
2021-09-12,ID027,132.0
2021-09-19,ID027,132.0
2021-09-26,ID027,132.0
2021-10-03,ID027,132.0
2021-10-10,ID027,132.0
2021-10-17,ID027,132.0
2021-10-24,ID027,132.0
2021-10-31,ID027,132.0
2021-11-07,ID027,132.0
2021-11-14,ID027,132.0
2021-11-21,ID027,132.0
2021-11-28,ID027,132.0
2021-12-05,ID027,132.0
2021-12-12,ID027,132.0
2021-12-19,ID027,132.0
2021-12-26,ID027,132.0
2022-01-02,ID027,132.0
2022-01-09,ID027,132.0
2022-01-16,ID027,132.0
2022-01-23,ID027,132.0
2022-01-30,ID027,132.0
2022-02-06,ID027,132.0
2022-02-13,ID027,132.0
2022-02-20,ID027,132.0
2022-02-27,ID027,132.0
2022-03-06,ID027,132.0
2022-03-13,ID027,132.0
2022-03-20,ID027,132.0
2022-03-27,ID027,132.0
2022-04-03,ID027,132.0
2022-04-10,ID027,132.0
2022-04-17,ID027,132.0
2022-04-24,ID027,132.0
2022-05-01,ID027,132.0
2022-05-08,ID027,132.0
2022-05-15,ID027,132.0
2022-05-22,ID027,132.0
2022-05-29,ID027,132.0
2022-06-05,ID027,132.0
2022-06-12,ID027,132.0
2022-06-19,ID027,132.0
2022-06-26,ID027,132.0
2022-07-03,ID027,132.0
2022-07-10,ID027,132.0
2022-07-17,ID027,132.0
2022-07-24,ID027,132.0
2022-07-31,ID027,132.0
2022-08-07,ID027,132.0
2022-08-14,ID027,132.0
2022-08-21,ID027,132.0
2022-08-28,ID027,132.0
2022-09-04,ID027,132.0
2022-09-11,ID027,132.0
2022-09-18,ID027,132.0
2022-09-25,ID027,132.0
2022-10-02,ID027,132.0
2022-10-09,ID027,132.0
2022-10-16,ID027,132.0
2022-04-03,ID028,277.8440366972477
2022-04-10,ID028,164.5625
2022-04-17,ID028,147.0
2022-04-24,ID028,474.45
2022-05-01,ID028,500.0
2022-05-08,ID028,500.0
2022-05-15,ID028,500.0
2022-05-22,ID028,500.0
2022-05-29,ID028,500.0
2022-06-05,ID028,500.0
2022-06-12,ID028,500.0
2022-06-19,ID028,500.0
2022-06-26,ID028,171.46308724832215
2022-07-03,ID028,168.1161971830986
2022-07-10,ID028,169.1461187214612
2022-07-17,ID028,168.632183908046
2022-07-24,ID028,177.0
2022-07-31,ID028,500.0
2022-08-07,ID028,500.0
2022-08-14,ID028,449.2355072463768
2022-08-21,ID028,173.77118644067798
2022-08-28,ID028,172.65384615384616
2022-09-04,ID028,172.71657754010695
2022-09-11,ID028,175.09826589595374
2022-09-18,ID028,173.52212389380531
2022-09-25,ID028,172.07
2022-10-02,ID028,172.0
2022-10-09,ID028,172.0
2022-10-16,ID028,172.0
2021-06-06,ID029,433.8
2021-06-13,ID029,500.0
2021-06-20,ID029,500.0
2021-06-27,ID029,500.0
2021-07-04,ID029,490.15384615384613
2021-07-11,ID029,71.12631578947368
2021-07-18,ID029,21.5
2021-07-25,ID029,19.0
2021-08-01,ID029,20.03846153846154
2021-08-08,ID029,20.235294117647058
2021-08-15,ID029,28.324324324324323
2021-08-22,ID029,40.89473684210526
2021-08-29,ID029,38.2
2021-09-05,ID029,35.0
2021-09-12,ID029,35.0
2021-09-19,ID029,35.0
2021-09-26,ID029,39.388888888888886
2021-10-03,ID029,46.8780487804878
2021-10-10,ID029,53.59574468085106
2021-10-17,ID029,93.91743119266054
2021-10-24,ID029,75.02459016393442
2021-10-31,ID029,115.0
2021-11-07,ID029,115.0
2021-11-14,ID029,115.0
2021-11-21,ID029,115.0
2021-11-28,ID029,115.0
2021-12-05,ID029,115.0
2021-12-12,ID029,115.0
2021-12-19,ID029,115.0
2021-12-26,ID029,242.12857142857143
2022-01-02,ID029,128.0677966101695
2022-01-09,ID029,35.17283950617284
2022-01-16,ID029,35.0
2022-01-23,ID029,35.0
2022-01-30,ID029,35.04651162790697
2022-02-06,ID029,35.0
2022-02-13,ID029,35.0
2022-02-20,ID029,35.0
2022-02-27,ID029,35.0
2022-03-06,ID029,35.0
2022-03-13,ID029,35.0
2022-03-20,ID029,35.0
2022-03-27,ID029,35.0
2022-04-03,ID029,35.0
2022-04-10,ID029,35.0
2022-04-17,ID029,35.0
2022-04-24,ID029,35.0
2022-05-01,ID029,35.0
2022-05-08,ID029,35.0
2022-05-15,ID029,35.0
2022-05-22,ID029,35.0
2022-05-29,ID029,35.0
2022-06-05,ID029,35.0
2022-06-12,ID029,35.0
2022-06-19,ID029,35.0
2022-06-26,ID029,35.0
2022-07-03,ID029,35.0
2022-07-10,ID029,35.0
2022-07-17,ID029,35.0
2022-07-24,ID029,35.0
2022-07-31,ID029,35.0
2022-08-07,ID029,35.0
2022-08-14,ID029,35.0
2022-08-21,ID029,35.0
2022-08-28,ID029,35.0
2022-09-04,ID029,35.0
2022-09-11,ID029,35.0
2022-09-18,ID029,35.0
2022-09-25,ID029,35.0
2022-10-02,ID029,35.0
2022-10-09,ID029,35.0
2022-10-16,ID029,35.0
2021-06-06,ID030,111.0
2021-06-13,ID030,111.0
2021-06-20,ID030,111.0
2021-06-27,ID030,111.0
2021-07-04,ID030,111.0
2021-07-11,ID030,111.0
2021-07-18,ID030,111.0
2021-07-25,ID030,111.0
2021-08-01,ID030,111.0
2021-08-08,ID030,111.0
2021-08-15,ID030,111.0
2021-08-22,ID030,111.0
2021-08-29,ID030,111.0
2021-09-05,ID030,111.0
2021-09-12,ID030,111.0
2021-09-19,ID030,111.0
2021-09-26,ID030,111.0
2021-10-03,ID030,111.0
2021-10-10,ID030,111.0
2021-10-17,ID030,111.0
2021-10-24,ID030,111.0
2021-10-31,ID030,111.0
2021-11-07,ID030,111.0
2021-11-14,ID030,111.0
2021-11-21,ID030,111.0
2021-11-28,ID030,111.0
2021-12-05,ID030,111.0
2021-12-12,ID030,111.0
2021-12-19,ID030,111.0
2021-12-26,ID030,111.0
2022-01-02,ID030,111.0
2022-01-09,ID030,111.0
2022-01-16,ID030,111.0
2022-01-23,ID030,111.0
2022-01-30,ID030,111.0
2022-02-06,ID030,111.0
2022-02-13,ID030,111.0
2022-02-20,ID030,111.0
2022-02-27,ID030,111.0
2022-03-06,ID030,111.0
2022-03-13,ID030,111.0
2022-03-20,ID030,111.0
2022-03-27,ID030,111.0
2022-04-03,ID030,219.70135746606334
2022-04-10,ID030,198.4140625
2022-04-17,ID030,199.81304347826088
2022-04-24,ID030,198.96186440677965
2022-05-01,ID030,200.27450980392157
2022-05-08,ID030,196.1
2022-05-15,ID030,192.58132530120483
2022-05-22,ID030,128.1877133105802
2022-05-29,ID030,51.47583643122677
2022-06-05,ID030,52.752808988764045
2022-06-12,ID030,56.96103896103896
2022-06-19,ID030,50.92272727272727
2022-06-26,ID030,53.99333333333333
2022-07-03,ID030,53.446096654275095
2022-07-10,ID030,56.06024096385542
2022-07-17,ID030,53.95
2022-07-24,ID030,54.3936170212766
2022-07-31,ID030,56.072784810126585
2022-08-07,ID030,55.47122302158273
2022-08-14,ID030,52.58479532163743
2022-08-21,ID030,57.0
2022-08-28,ID030,57.0
2022-09-04,ID030,57.0
2022-09-11,ID030,57.0
2022-09-18,ID030,57.0
2022-09-25,ID030,57.0
2022-10-02,ID030,57.0
2022-10-09,ID030,57.0
2022-10-16,ID030,57.0
2021-06-06,ID031,159.10714285714286
2021-06-13,ID031,159.10714285714286
2021-06-20,ID031,159.10714285714286
2021-06-27,ID031,159.10714285714286
2021-07-04,ID031,159.10714285714286
2021-07-11,ID031,159.10714285714286
2021-07-18,ID031,159.10714285714286
2021-07-25,ID031,159.10714285714286
2021-08-01,ID031,159.10714285714286
2021-08-08,ID031,159.10714285714286
2021-08-15,ID031,159.10714285714286
2021-08-22,ID031,159.10714285714286
2021-08-29,ID031,159.10714285714286
2021-09-05,ID031,159.10714285714286
2021-09-12,ID031,159.10714285714286
2021-09-19,ID031,159.10714285714286
2021-09-26,ID031,159.10714285714286
2021-10-03,ID031,159.10714285714286
2021-10-10,ID031,159.10714285714286
2021-10-17,ID031,295.0
2021-10-24,ID031,198.7016129032258
2021-10-31,ID031,119.38655462184875
2021-11-07,ID031,164.77777777777777
2021-11-14,ID031,173.01342281879195
2021-11-21,ID031,91.69902912621359
2021-11-28,ID031,139.62111801242236
2021-12-05,ID031,154.11666666666667
2021-12-12,ID031,77.01587301587301
2021-12-19,ID031,28.741176470588236
2021-12-26,ID031,24.765625
2022-01-02,ID031,20.0
2022-01-09,ID031,20.0
2022-01-16,ID031,20.0
2022-01-23,ID031,20.0
2022-01-30,ID031,20.0
2022-02-06,ID031,20.0
2022-02-13,ID031,20.0
2022-02-20,ID031,20.0
2022-02-27,ID031,20.0
2022-03-06,ID031,20.0
2022-03-13,ID031,20.0
2022-03-20,ID031,20.0
2022-03-27,ID031,28.915254237288135
2022-04-03,ID031,26.91390728476821
2022-04-10,ID031,23.08219178082192
2022-04-17,ID031,22.65142857142857
2022-04-24,ID031,23.644329896907216
2022-05-01,ID031,23.25581395348837
2022-05-08,ID031,18.726708074534162
2022-05-15,ID031,16.446640316205535
2022-05-22,ID031,16.85972850678733
2022-05-29,ID031,15.086206896551724
2022-06-05,ID031,15.726315789473684
2022-06-12,ID031,14.0
2022-06-19,ID031,14.0
2022-06-26,ID031,14.0
2022-07-03,ID031,14.0
2022-07-10,ID031,14.0
2022-07-17,ID031,14.0
2022-07-24,ID031,14.0
2022-07-31,ID031,14.0
2022-08-07,ID031,14.0
2022-08-14,ID031,14.0
2022-08-21,ID031,14.0
2022-08-28,ID031,14.0
2022-09-04,ID031,14.0
2022-09-11,ID031,14.0
2022-09-18,ID031,14.0
2022-09-25,ID031,14.0
2022-10-02,ID031,14.0
2022-10-09,ID031,14.0
2022-10-16,ID031,14.0
2021-06-06,ID032,211.32258064516128
2021-06-13,ID032,204.61654135338347
2021-06-20,ID032,208.73043478260868
2021-06-27,ID032,326.875
2021-07-04,ID032,314.8787878787879
2021-07-11,ID032,253.50892857142858
2021-07-18,ID032,361.5
2021-07-25,ID032,500.0
2021-08-01,ID032,500.0
2021-08-08,ID032,500.0
2021-08-15,ID032,96.06521739130434
2021-08-22,ID032,56.173469387755105
2021-08-29,ID032,59.8021978021978
2021-09-05,ID032,55.875
2021-09-12,ID032,56.5
2021-09-19,ID032,57.310344827586206
2021-09-26,ID032,56.857142857142854
2021-10-03,ID032,58.13333333333333
2021-10-10,ID032,58.0
2021-10-17,ID032,55.0
2021-10-24,ID032,67.3
2021-10-31,ID032,63.206896551724135
2021-11-07,ID032,66.46
2021-11-14,ID032,67.73282442748092
2021-11-21,ID032,59.55882352941177
2021-11-28,ID032,62.0
2021-12-05,ID032,61.5531914893617
2021-12-12,ID032,69.59398496240601
2021-12-19,ID032,60.45744680851064
2021-12-26,ID032,68.46951219512195
2022-01-02,ID032,68.54166666666667
2022-01-09,ID032,60.75555555555555
2022-01-16,ID032,54.833333333333336
2022-01-23,ID032,57.0
2022-01-30,ID032,54.61333333333334
2022-02-06,ID032,51.6764705882353
2022-02-13,ID032,51.0
2022-02-20,ID032,53.03930131004367
2022-02-27,ID032,53.47695852534562
2022-03-06,ID032,52.58900279589935
2022-03-13,ID032,53.98395721925134
2022-03-20,ID032,61.70175438596491
2022-03-27,ID032,53.28703703703704
2022-04-03,ID032,56.86387434554974
2022-04-10,ID032,54.65384615384615
2022-04-17,ID032,55.62755102040816
2022-04-24,ID032,55.19095477386934
2022-05-01,ID032,55.355450236966824
2022-05-08,ID032,58.39325842696629
2022-05-15,ID032,58.3625
2022-05-22,ID032,57.0
2022-05-29,ID032,57.0
2022-06-05,ID032,57.0
2022-06-12,ID032,57.0
2022-06-19,ID032,57.0
2022-06-26,ID032,57.0
2022-07-03,ID032,57.0
2022-07-10,ID032,57.0
2022-07-17,ID032,57.0
2022-07-24,ID032,57.0
2022-07-31,ID032,57.0
2022-08-07,ID032,57.0
2022-08-14,ID032,29.852307692307694
2022-08-21,ID032,27.747311827956988
2022-08-28,ID032,34.15736040609137
2022-09-04,ID032,48.02577319587629
2022-09-11,ID032,40.19653179190752
2022-09-18,ID032,28.151832460732983
2022-09-25,ID032,34.94252873563219
2022-10-02,ID032,79.50282485875707
2022-10-09,ID032,45.5
2022-10-16,ID032,45.78048780487805
2021-06-06,ID033,223.94444444444446
2021-06-13,ID033,219.62686567164178
2021-06-20,ID033,219.38524590163934
2021-06-27,ID033,220.1904761904762
2021-07-04,ID033,222.77884615384616
2021-07-11,ID033,222.23033707865167
2021-07-18,ID033,219.7983193277311
2021-07-25,ID033,220.18
2021-08-01,ID033,220.4814814814815
2021-08-08,ID033,221.75213675213675
2021-08-15,ID033,138.18867924528303
2021-08-22,ID033,55.37894736842105
2021-08-29,ID033,41.07258064516129
2021-09-05,ID033,39.8780487804878
2021-09-12,ID033,40.794117647058826
2021-09-19,ID033,35.57446808510638
2021-09-26,ID033,41.824175824175825
2021-10-03,ID033,47.851485148514854
2021-10-10,ID033,57.114285714285714
2021-10-17,ID033,149.35714285714286
2021-10-24,ID033,116.8623188405797
2021-10-31,ID033,154.65277777777777
2021-11-07,ID033,250.57471264367817
2021-11-14,ID033,229.81290322580645
2021-11-21,ID033,112.38532110091744
2021-11-28,ID033,169.4331550802139
2021-12-05,ID033,225.4516129032258
2021-12-12,ID033,101.5578231292517
2021-12-19,ID033,42.89523809523809
2021-12-26,ID033,51.29608938547486
2022-01-02,ID033,48.61538461538461
2022-01-09,ID033,42.44565217391305
2022-01-16,ID033,31.823529411764707
2022-01-23,ID033,26.0
2022-01-30,ID033,41.44827586206897
2022-02-06,ID033,40.31428571428572
2022-02-13,ID033,48.0
2022-02-20,ID033,38.127737226277375
2022-02-27,ID033,42.49502982107356
2022-03-06,ID033,42.79909090909091
2022-03-13,ID033,46.95111111111111
2022-03-20,ID033,60.94656488549618
2022-03-27,ID033,44.65925925925926
2022-04-03,ID033,42.32599118942731
2022-04-10,ID033,40.09126984126984
2022-04-17,ID033,37.3921568627451
2022-04-24,ID033,39.17289719626168
2022-05-01,ID033,37.54468085106383
2022-05-08,ID033,38.26829268292683
2022-05-15,ID033,33.45360824742268
2022-05-22,ID033,34.392712550607285
2022-05-29,ID033,30.737089201877936
2022-06-05,ID033,31.48878923766816
2022-06-12,ID033,33.436619718309856
2022-06-19,ID033,29.612903225806452
2022-06-26,ID033,29.212962962962962
2022-07-03,ID033,29.745
2022-07-10,ID033,29.6158940397351
2022-07-17,ID033,28.954887218045112
2022-07-24,ID033,30.153846153846153
2022-07-31,ID033,30.0
2022-08-07,ID033,30.0
2022-08-14,ID033,30.0
2022-08-21,ID033,30.0
2022-08-28,ID033,30.0
2022-09-04,ID033,30.0
2022-09-11,ID033,30.0
2022-09-18,ID033,30.0
2022-09-25,ID033,30.0
2022-10-02,ID033,30.0
2022-10-09,ID033,30.0
2022-10-16,ID033,30.0
2021-06-06,ID034,201.28571428571428
2021-06-13,ID034,201.28571428571428
2021-06-20,ID034,201.28571428571428
2021-06-27,ID034,201.28571428571428
2021-07-04,ID034,454.0
2021-07-11,ID034,423.37894736842105
2021-07-18,ID034,465.0
2021-07-25,ID034,465.0
2021-08-01,ID034,423.22727272727275
2021-08-08,ID034,421.6923076923077
2021-08-15,ID034,431.0
2021-08-22,ID034,431.0
2021-08-29,ID034,431.0
2021-09-05,ID034,431.0
2021-09-12,ID034,431.0
2021-09-19,ID034,83.22222222222223
2021-09-26,ID034,47.4
2021-10-03,ID034,53.31395348837209
2021-10-10,ID034,58.11494252873563
2021-10-17,ID034,99.87050359712231
2021-10-24,ID034,85.80740740740741
2021-10-31,ID034,120.54615384615384
2021-11-07,ID034,191.90769230769232
2021-11-14,ID034,176.02
2021-11-21,ID034,95.64285714285714
2021-11-28,ID034,150.90555555555557
2021-12-05,ID034,202.59405940594058
2021-12-12,ID034,319.0
2021-12-19,ID034,319.0
2021-12-26,ID034,319.0
2022-01-02,ID034,319.0
2022-01-09,ID034,216.4418604651163
2022-01-16,ID034,163.13888888888889
2022-01-23,ID034,83.0
2022-01-30,ID034,102.83064516129032
2022-02-06,ID034,87.9
2022-02-13,ID034,43.0
2022-02-20,ID034,53.61267605633803
2022-02-27,ID034,66.96551724137932
2022-03-06,ID034,55.23076923076923
2022-03-13,ID034,57.82644628099174
2022-03-20,ID034,79.59876543209876
2022-03-27,ID034,57.082644628099175
2022-04-03,ID034,52.472636815920396
2022-04-10,ID034,40.0
2022-04-17,ID034,40.0
2022-04-24,ID034,40.0
2022-05-01,ID034,40.0
2022-05-08,ID034,40.0
2022-05-15,ID034,40.0
2022-05-22,ID034,40.0
2022-05-29,ID034,40.0
2022-06-05,ID034,40.0
2022-06-12,ID034,40.0
2022-06-19,ID034,40.0
2022-06-26,ID034,40.0
2022-07-03,ID034,40.0
2022-07-10,ID034,40.0
2022-07-17,ID034,40.0
2022-07-24,ID034,131.58333333333334
2022-07-31,ID034,133.0
2022-08-07,ID034,133.0
2022-08-14,ID034,133.0
2022-08-21,ID034,133.0
2022-08-28,ID034,133.0
2022-09-04,ID034,133.0
2022-09-11,ID034,133.0
2022-09-18,ID034,133.0
2022-09-25,ID034,133.0
2022-10-02,ID034,133.0
2022-10-09,ID034,133.0
2022-10-16,ID034,133.0
2021-06-06,ID035,200.14814814814815
2021-06-13,ID035,214.0
2021-06-20,ID035,214.0
2021-06-27,ID035,214.0
2021-07-04,ID035,210.75675675675674
2021-07-11,ID035,209.40112994350284
2021-07-18,ID035,205.0487804878049
2021-07-25,ID035,202.33333333333334
2021-08-01,ID035,202.70454545454547
2021-08-08,ID035,203.72815533980582
2021-08-15,ID035,114.875
2021-08-22,ID035,51.08510638297872
2021-08-29,ID035,53.19
2021-09-05,ID035,50.57446808510638
2021-09-12,ID035,52.36619718309859
2021-09-19,ID035,51.971830985915496
2021-09-26,ID035,51.02272727272727
2021-10-03,ID035,58.64356435643565
2021-10-10,ID035,61.17821782178218
2021-10-17,ID035,85.08227848101266
2021-10-24,ID035,82.27737226277372
2021-10-31,ID035,87.43609022556392
2021-11-07,ID035,127.421875
2021-11-14,ID035,150.16666666666666
2021-11-21,ID035,90.3125
2021-11-28,ID035,54.0
2021-12-05,ID035,54.0
2021-12-12,ID035,54.0
2021-12-19,ID035,54.0
2021-12-26,ID035,216.99295774647888
2022-01-02,ID035,190.33793103448275
2022-01-09,ID035,155.335
2022-01-16,ID035,117.22857142857143
2022-01-23,ID035,48.0
2022-01-30,ID035,43.0
2022-02-06,ID035,43.0
2022-02-13,ID035,43.0
2022-02-20,ID035,43.0
2022-02-27,ID035,43.0
2022-03-06,ID035,43.0
2022-03-13,ID035,43.0
2022-03-20,ID035,43.0
2022-03-27,ID035,80.97014925373135
2022-04-03,ID035,48.84615384615385
2022-04-10,ID035,45.0
2022-04-17,ID035,45.0
2022-04-24,ID035,45.0
2022-05-01,ID035,45.0
2022-05-08,ID035,45.0
2022-05-15,ID035,45.0
2022-05-22,ID035,45.0
2022-05-29,ID035,45.0
2022-06-05,ID035,45.0
2022-06-12,ID035,45.0
2022-06-19,ID035,45.0
2022-06-26,ID035,45.0
2022-07-03,ID035,45.0
2022-07-10,ID035,45.0
2022-07-17,ID035,45.0
2022-07-24,ID035,45.0
2022-07-31,ID035,45.0
2022-08-07,ID035,45.0
2022-08-14,ID035,46.506802721088434
2022-08-21,ID035,50.509803921568626
2022-08-28,ID035,55.348101265822784
2022-09-04,ID035,74.0
2022-09-11,ID035,56.84
2022-09-18,ID035,71.84848484848484
2022-09-25,ID035,59.06153846153846
2022-10-02,ID035,56.68292682926829
2022-10-09,ID035,52.505836575875485
2022-10-16,ID035,59.30909090909091
